B,e,a,u,t,y, ,a,n,d, ,t,h,e, ,B,e,a,s,t, ,(,1,9,9,1,), ,5,.,1
C,i,n,d,e,r,e,l,l,a, ,(,1,9,5,0,), ,6,.,5
2,0,",",0,0,0, ,L,e,a,g,u,e,s, ,U,n,d,e,r, ,t,h,e, ,S,e,a, ,(,1,9,5,4,), ,5,.,9
O,t,h,e,l,l,o, ,(,1,9,9,5,), ,4,.,2
H,a,m,l,e,t, ,(,1,9,9,6,), ,3,.,2
R,i,c,h,a,r,d, ,I,I,I, ,(,1,9,9,5,), ,7,.,0
F,a,i,t,h,f,u,l, ,(,1,9,9,6,), ,5,.,7
B,l,a,c,k, ,S,h,e,e,p, ,(,1,9,9,6,), ,6,.,1
T,w,i,l,i,g,h,t, ,(,1,9,9,8,), ,7,.,4
J,a,n,e, ,E,y,r,e, ,(,1,9,9,6,), ,7,.,6
A,l,i,c,e, ,i,n, ,W,o,n,d,e,r,l,a,n,d, ,(,1,9,5,1,), ,6,.,2
A,n,n,a, ,K,a,r,e,n,i,n,a, ,(,1,9,9,7,), ,4,.,8
M,a,d,a,m,e, ,B,u,t,t,e,r,f,l,y, ,(,1,9,9,5,), ,5,.,4
S,o,l,o, ,(,1,9,9,6,), ,7,.,1
B,a,d, ,B,o,y,s, ,(,1,9,9,5,), ,5,.,3
B,l,i,s,s, ,(,1,9,9,7,), ,5,.,3
F,e,a,r, ,(,1,9,9,6,), ,6,.,1
G,r,e,a,t, ,E,x,p,e,c,t,a,t,i,o,n,s, ,(,1,9,9,8,), ,6,.,1
S,p,e,e,d, ,(,1,9,9,4,), ,7,.,9
K,i,d,s, ,(,1,9,9,5,), ,4,.,2
L,i,t,t,l,e, ,W,o,m,e,n, ,(,1,9,9,4,), ,6,.,5
M,i,x,e,d, ,N,u,t,s, ,(,1,9,9,4,), ,4,.,2
B,r,i,n,g,i,n,g, ,U,p, ,B,a,b,y, ,(,1,9,3,8,), ,5,.,8
A,r,o,u,n,d, ,t,h,e, ,W,o,r,l,d, ,i,n, ,8,0, ,D,a,y,s, ,(,1,9,5,6,), ,6,.,6
P,o,l,l,y,a,n,n,a, ,(,1,9,6,0,), ,6,.,4
B,l,a,c,k, ,B,e,a,u,t,y, ,(,1,9,9,4,), ,5,.,9
L,i,t,t,l,e, ,L,o,r,d, ,F,a,u,n,t,l,e,r,o,y, ,(,1,9,3,6,), ,6,.,7
M,a,d, ,L,o,v,e, ,(,1,9,9,5,), ,6,.,7
B,a,r,b, ,W,i,r,e, ,(,1,9,9,6,), ,5,.,0
M,a,n,h,a,t,t,a,n, ,(,1,9,7,9,), ,6,.,8
M,i,c,h,a,e,l, ,(,1,9,9,6,), ,7,.,1
B,r,a,v,e,h,e,a,r,t, ,(,1,9,9,5,), ,7,.,0
B,e,n,-,H,u,r, ,(,1,9,5,9,), ,7,.,8
F,a,u,s,t, ,(,1,9,9,4,), ,8,.,1
V,o,l,c,a,n,o, ,(,1,9,9,7,), ,7,.,0
D,u,c,k, ,S,o,u,p, ,(,1,9,3,3,), ,6,.,6
U,n,d,e,r,w,o,r,l,d, ,(,1,9,9,7,), ,7,.,5
T,h,e, ,I,n,n,o,c,e,n,t, ,(,1,9,9,4,), ,6,.,1
E,x,c,e,s,s, ,B,a,g,g,a,g,e, ,(,1,9,9,7,), ,7,.,7
R,a,n,s,o,m, ,(,1,9,9,6,), ,5,.,9
P,a,r,t,y, ,G,i,r,l, ,(,1,9,9,5,), ,5,.,3
C,a,u,g,h,t, ,(,1,9,9,6,), ,6,.,5
M, ,(,1,9,3,1,), ,8,.,3
E,m,m,a, ,(,1,9,9,6,), ,7,.,0
F,u,n,n,y, ,F,a,c,e, ,(,1,9,5,7,), ,6,.,4
L,o,v,e, ,A,f,f,a,i,r, ,(,1,9,9,4,), ,5,.,8
B,i,r,d, ,o,f, ,P,r,e,y, ,(,1,9,9,6,), ,6,.,3
B,e,d, ,o,f, ,R,o,s,e,s, ,(,1,9,9,6,), ,6,.,4
C,i,t,y, ,H,a,l,l, ,(,1,9,9,6,), ,5,.,7
I,t, ,H,a,p,p,e,n,e,d, ,O,n,e, ,N,i,g,h,t, ,(,1,9,3,4,), ,8,.,1
M,e,n, ,i,n, ,B,l,a,c,k, ,(,1,9,9,7,), ,7,.,9
O,f, ,H,u,m,a,n, ,B,o,n,d,a,g,e, ,(,1,9,3,4,), ,7,.,1
F,u,l,l, ,S,p,e,e,d, ,(,1,9,9,6,), ,6,.,2
E,n,c,h,a,n,t,e,d, ,A,p,r,i,l, ,(,1,9,9,1,), ,5,.,8
H,e,r,e, ,C,o,m,e,s, ,C,o,o,k,i,e, ,(,1,9,3,5,), ,6,.,4
R,e,c,k,l,e,s,s, ,(,1,9,9,5,), ,6,.,4
O,n,e, ,N,i,g,h,t, ,S,t,a,n,d, ,(,1,9,9,7,), ,6,.,5
T,o,p, ,H,a,t, ,(,1,9,3,5,), ,7,.,7
D,e,a,t,h, ,a,n,d, ,t,h,e, ,M,a,i,d,e,n, ,(,1,9,9,4,), ,7,.,1
M,y, ,M,a,n, ,G,o,d,f,r,e,y, ,(,1,9,3,6,), ,8,.,0
A,n,n,a, ,(,1,9,9,6,), ,6,.,8
H,i,d,e,a,w,a,y, ,(,1,9,9,5,), ,5,.,4
I,t, ,C,o,u,l,d, ,H,a,p,p,e,n, ,t,o, ,Y,o,u, ,(,1,9,9,4,), ,6,.,3
L,o,s,t, ,H,o,r,i,z,o,n, ,(,1,9,3,7,), ,7,.,7
S,n,o,w, ,W,h,i,t,e, ,a,n,d, ,t,h,e, ,S,e,v,e,n, ,D,w,a,r,f,s, ,(,1,9,3,7,), ,7,.,6
L,a,r,g,e,r, ,T,h,a,n, ,L,i,f,e, ,(,1,9,9,6,), ,5,.,8
G,a,s,l,i,g,h,t, ,(,1,9,4,4,), ,7,.,3
G,o,n,e, ,w,i,t,h, ,t,h,e, ,W,i,n,d, ,(,1,9,3,9,), ,8,.,1
M,r,., ,S,m,i,t,h, ,G,o,e,s, ,t,o, ,W,a,s,h,i,n,g,t,o,n, ,(,1,9,3,9,), ,8,.,1
N,i,n,o,t,c,h,k,a, ,(,1,9,3,9,), ,7,.,9
S,o,m,e, ,L,i,k,e, ,I,t, ,H,o,t, ,(,1,9,5,9,), ,6,.,7
T,h,e,y, ,M,a,d,e, ,M,e, ,a, ,C,r,i,m,i,n,a,l, ,(,1,9,3,9,), ,6,.,9
F,a,n,t,a,s,i,a, ,(,1,9,4,0,), ,7,.,7
F,o,r,e,i,g,n, ,C,o,r,r,e,s,p,o,n,d,e,n,t, ,(,1,9,4,0,), ,7,.,5
H,i,s, ,G,i,r,l, ,F,r,i,d,a,y, ,(,1,9,4,0,), ,7,.,9
P,i,n,o,c,c,h,i,o, ,(,1,9,4,0,), ,7,.,4
R,e,b,e,c,c,a, ,(,1,9,4,0,), ,8,.,1
S,w,i,s,s, ,F,a,m,i,l,y, ,R,o,b,i,n,s,o,n, ,(,1,9,6,0,), ,6,.,5
C,i,t,i,z,e,n, ,K,a,n,e, ,(,1,9,4,1,), ,8,.,3
D,u,m,b,o, ,(,1,9,4,1,), ,7,.,2
M,e,e,t, ,J,o,h,n, ,D,o,e, ,(,1,9,4,1,), ,7,.,6
P,e,n,n,y, ,S,e,r,e,n,a,d,e, ,(,1,9,4,1,), ,7,.,1
U,n,d,e,r,g,r,o,u,n,d, ,(,1,9,9,5,), ,7,.,2
C,a,s,a,b,l,a,n,c,a, ,(,1,9,4,2,), ,8,.,5
C,a,t, ,P,e,o,p,l,e, ,(,1,9,8,2,), ,7,.,3
T,o, ,B,e, ,o,r, ,N,o,t, ,t,o, ,B,e, ,(,1,9,4,2,), ,8,.,2
B,a,t,m,a,n, ,(,1,9,8,9,), ,6,.,4
F,o,r, ,W,h,o,m, ,t,h,e, ,B,e,l,l, ,T,o,l,l,s, ,(,1,9,4,3,), ,6,.,9
N,o, ,E,s,c,a,p,e, ,(,1,9,9,4,), ,5,.,1
L,a,d,y, ,o,f, ,B,u,r,l,e,s,q,u,e, ,(,1,9,4,3,), ,6,.,3
T,i,t,a,n,i,c, ,(,1,9,9,7,), ,6,.,2
A,l,a,s,k,a, ,(,1,9,9,6,), ,5,.,3
A,r,s,e,n,i,c, ,a,n,d, ,O,l,d, ,L,a,c,e, ,(,1,9,4,4,), ,8,.,0
B,r,a,z,i,l, ,(,1,9,8,5,), ,6,.,7
H,e,n,r,y, ,V, ,(,1,9,8,9,), ,7,.,1
L,a,u,r,a, ,(,1,9,4,4,), ,8,.,0
M,e,e,t, ,M,e, ,i,n, ,S,t,., ,L,o,u,i,s, ,(,1,9,4,4,), ,7,.,6
M,u,r,d,e,r,",", ,M,y, ,S,w,e,e,t, ,(,1,9,4,4,), ,7,.,6
S,p,e,l,l,b,o,u,n,d, ,(,1,9,4,5,), ,7,.,6
W,o,l,f, ,(,1,9,9,4,), ,7,.,5
A,n,g,e,l, ,o,n, ,M,y, ,S,h,o,u,l,d,e,r, ,(,1,9,4,6,), ,6,.,8
I,t,',s, ,a, ,W,o,n,d,e,r,f,u,l, ,L,i,f,e, ,(,1,9,4,6,), ,8,.,6
N,o,t,o,r,i,o,u,s, ,(,1,9,4,6,), ,7,.,9
A,n,g,e,l, ,a,n,d, ,t,h,e, ,B,a,d,m,a,n, ,(,1,9,4,7,), ,6,.,9
C,a,l,e,n,d,a,r, ,G,i,r,l, ,(,1,9,9,3,), ,6,.,0
C,r,o,s,s,f,i,r,e, ,(,1,9,4,7,), ,7,.,3
G,o,l,d,e,n, ,E,a,r,r,i,n,g,s, ,(,1,9,4,7,), ,6,.,7
K,i,s,s, ,o,f, ,D,e,a,t,h, ,(,1,9,9,5,), ,7,.,4
M,i,r,a,c,l,e, ,o,n, ,3,4,t,h, ,S,t,r,e,e,t, ,(,1,9,9,4,), ,7,.,9
T,-,M,e,n, ,(,1,9,4,7,), ,7,.,0
H,e, ,W,a,l,k,e,d, ,b,y, ,N,i,g,h,t, ,(,1,9,4,8,), ,7,.,2
I, ,L,o,v,e, ,T,r,o,u,b,l,e, ,(,1,9,9,4,), ,6,.,9
R,a,w, ,D,e,a,l, ,(,1,9,4,8,), ,7,.,2
H,i,g,h, ,N,o,o,n, ,(,1,9,5,2,), ,6,.,9
I,n,d,i,a,n, ,S,u,m,m,e,r, ,(,1,9,9,6,), ,6,.,7
S,o, ,D,e,a,r, ,t,o, ,M,y, ,H,e,a,r,t, ,(,1,9,4,9,), ,6,.,8
A,l,l, ,A,b,o,u,t, ,E,v,e, ,(,1,9,5,0,), ,8,.,2
B,r,o,k,e,n, ,A,r,r,o,w, ,(,1,9,9,6,), ,7,.,2
C,y,r,a,n,o, ,d,e, ,B,e,r,g,e,r,a,c, ,(,1,9,9,0,), ,7,.,5
D,a,r,k, ,C,i,t,y, ,(,1,9,9,8,), ,6,.,7
S,u,d,d,e,n, ,D,e,a,t,h, ,(,1,9,9,5,), ,5,.,4
F,a,t,h,e,r, ,o,f, ,t,h,e, ,B,r,i,d,e, ,(,1,9,5,0,), ,7,.,2
K,i,m, ,(,1,9,5,0,), ,6,.,6
O,u,t,b,r,e,a,k, ,(,1,9,9,5,), ,7,.,3
S,u,n,s,e,t, ,B,l,v,d,., ,(,1,9,5,0,), ,8,.,4
A,n,g,e,l,s, ,i,n, ,t,h,e, ,O,u,t,f,i,e,l,d, ,(,1,9,9,4,), ,7,.,1
G,.,I,., ,J,a,n,e, ,(,1,9,9,7,), ,6,.,8
L,o,n,e, ,S,t,a,r, ,(,1,9,9,6,), ,6,.,1
B,r,e,a,k,d,o,w,n, ,(,1,9,9,7,), ,5,.,9
C,a,r,r,i,e, ,(,1,9,7,6,), ,7,.,3
F,a,r,g,o, ,(,1,9,9,6,), ,7,.,0
S,i,n,g,i,n,', ,i,n, ,t,h,e, ,R,a,i,n, ,(,1,9,5,2,), ,8,.,3
T,a,r,g,e,t, ,(,1,9,9,5,), ,6,.,1
C,h,a,r,a,d,e, ,(,1,9,6,3,), ,6,.,5
T,w,o, ,i,f, ,b,y, ,S,e,a, ,(,1,9,9,6,), ,6,.,1
R,o,m,a,n, ,H,o,l,i,d,a,y, ,(,1,9,5,3,), ,8,.,0
B,e,a,t, ,t,h,e, ,D,e,v,i,l, ,(,1,9,5,4,), ,6,.,5
D,o,w,n, ,P,e,r,i,s,c,o,p,e, ,(,1,9,9,6,), ,6,.,0
L,a,s,s,i,e, ,(,1,9,9,4,), ,6,.,6
D,i,a,b,o,l,i,q,u,e, ,(,1,9,9,6,), ,8,.,0
D,i,a,l, ,M, ,f,o,r, ,M,u,r,d,e,r, ,(,1,9,5,4,), ,8,.,2
B,a,t,o,n, ,R,o,u,g,e, ,(,1,9,8,8,), ,6,.,8
R,e,a,r, ,W,i,n,d,o,w, ,(,1,9,5,4,), ,8,.,4
S,a,b,r,i,n,a, ,(,1,9,5,4,), ,7,.,7
E,a,s,t, ,o,f, ,E,d,e,n, ,(,1,9,5,5,), ,7,.,9
F,o,x,f,i,r,e, ,(,1,9,9,6,), ,6,.,4
P,a,t,h,e,r, ,P,a,n,c,h,a,l,i, ,(,1,9,5,5,), ,8,.,6
P,i,c,n,i,c, ,(,1,9,5,5,), ,7,.,1
R,e,b,e,l, ,W,i,t,h,o,u,t, ,a, ,C,a,u,s,e, ,(,1,9,5,5,), ,7,.,7
B,e,a,u,t,i,f,u,l, ,G,i,r,l,s, ,(,1,9,9,6,), ,4,.,9
T,o, ,C,a,t,c,h, ,a, ,T,h,i,e,f, ,(,1,9,5,5,), ,7,.,4
T,o,p, ,G,u,n, ,(,1,9,8,6,), ,6,.,2
A,n,a,s,t,a,s,i,a, ,(,1,9,9,7,), ,7,.,0
A,p,a,r,a,j,i,t,o, ,(,1,9,5,6,), ,8,.,4
F,o,r,b,i,d,d,e,n, ,P,l,a,n,e,t, ,(,1,9,5,6,), ,7,.,6
G,i,a,n,t, ,(,1,9,5,6,), ,7,.,6
M,a,v,e,r,i,c,k, ,(,1,9,9,4,), ,6,.,3
L,e,a,v,e, ,I,t, ,t,o, ,B,e,a,v,e,r, ,(,1,9,9,7,), ,7,.,5
1,2, ,A,n,g,r,y, ,M,e,n, ,(,1,9,5,7,), ,9,.,0
H,e,r,c,u,l,e,s, ,(,1,9,9,7,), ,5,.,4
F,i,r,e, ,D,o,w,n, ,B,e,l,o,w, ,(,1,9,9,7,), ,6,.,0
L,o,v,e, ,i,n, ,t,h,e, ,A,f,t,e,r,n,o,o,n, ,(,1,9,5,7,), ,7,.,2
O,l,d, ,Y,e,l,l,e,r, ,(,1,9,5,7,), ,7,.,3
P,a,t,h,s, ,o,f, ,G,l,o,r,y, ,(,1,9,5,7,), ,8,.,4
U,p, ,i,n, ,S,m,o,k,e, ,(,1,9,7,8,), ,6,.,1
C,a,t, ,o,n, ,a, ,H,o,t, ,T,i,n, ,R,o,o,f, ,(,1,9,5,8,), ,8,.,0
T,e,r,r,o,r, ,i,n, ,a, ,T,e,x,a,s, ,T,o,w,n, ,(,1,9,5,8,), ,6,.,8
T,o,u,c,h, ,o,f, ,E,v,i,l, ,(,1,9,5,8,), ,8,.,0
V,e,r,t,i,g,o, ,(,1,9,5,8,), ,8,.,3
G,i,r,l,s, ,T,o,w,n, ,(,1,9,9,6,), ,3,.,5
N,o,r,t,h, ,b,y, ,N,o,r,t,h,w,e,s,t, ,(,1,9,5,9,), ,8,.,3
G,o,o,d, ,M,o,r,n,i,n,g, ,(,1,9,7,1,), ,7,.,9
S,t,r,e,e,t, ,F,i,g,h,t,e,r, ,(,1,9,9,4,), ,3,.,6
P,u,r,p,l,e, ,N,o,o,n, ,(,1,9,6,0,), ,7,.,8
P,s,y,c,h,o, ,(,1,9,6,0,), ,8,.,5
A,n,g,e,l, ,B,a,b,y, ,(,1,9,9,5,), ,6,.,2
B,r,e,a,k,f,a,s,t, ,a,t, ,T,i,f,f,a,n,y,',s, ,(,1,9,6,1,), ,7,.,6
1,0,1, ,D,a,l,m,a,t,i,a,n,s, ,(,1,9,9,6,), ,7,.,3
R,o,o,m,m,a,t,e,s, ,(,1,9,9,5,), ,5,.,9
M,c,H,a,l,e,',s, ,N,a,v,y, ,(,1,9,9,7,), ,7,.,4
C,a,p,e, ,F,e,a,r, ,(,1,9,6,2,), ,7,.,7
T,r,i,a,l, ,a,n,d, ,E,r,r,o,r, ,(,1,9,9,7,), ,6,.,2
L,a,w,r,e,n,c,e, ,o,f, ,A,r,a,b,i,a, ,(,1,9,6,2,), ,8,.,3
T,o, ,K,i,l,l, ,a, ,M,o,c,k,i,n,g,b,i,r,d, ,(,1,9,6,2,), ,8,.,2
F,l,i,p,p,e,r, ,(,1,9,9,6,), ,6,.,1
M,a,r,y, ,P,o,p,p,i,n,s, ,(,1,9,6,4,), ,7,.,8
M,y, ,F,a,i,r, ,L,a,d,y, ,(,1,9,6,4,), ,7,.,8
A,l,p,h,a,v,i,l,l,e, ,(,1,9,6,5,), ,7,.,1
P,a,r,a,d,i,s,e, ,R,o,a,d, ,(,1,9,9,7,), ,5,.,8
M,i,r,a,g,e, ,(,1,9,9,5,), ,7,.,3
T,h,a,t, ,D,a,r,n, ,C,a,t,!, ,(,1,9,6,5,), ,6,.,8
M,i,s,s,i,o,n,:, ,I,m,p,o,s,s,i,b,l,e, ,(,1,9,9,6,), ,7,.,9
C,o,l,o,r, ,o,f, ,N,i,g,h,t, ,(,1,9,9,4,), ,5,.,4
P,i,e, ,i,n, ,t,h,e, ,S,k,y, ,(,1,9,9,5,), ,5,.,9
G,e,o,r,g,e, ,o,f, ,t,h,e, ,J,u,n,g,l,e, ,(,1,9,9,7,), ,6,.,7
B,e,l,l,e, ,d,e, ,j,o,u,r, ,(,1,9,6,7,), ,7,.,7
B,o,n,n,i,e, ,a,n,d, ,C,l,y,d,e, ,(,1,9,6,7,), ,7,.,8
C,o,o,l, ,H,a,n,d, ,L,u,k,e, ,(,1,9,6,7,), ,8,.,1
B,a,d, ,G,i,r,l,s, ,(,1,9,9,4,), ,7,.,1
F,a,c,e,s, ,(,1,9,6,8,), ,7,.,6
N,i,g,h,t, ,o,f, ,t,h,e, ,L,i,v,i,n,g, ,D,e,a,d, ,(,1,9,6,8,), ,7,.,9
W,i,l,l,i,a,m, ,S,h,a,k,e,s,p,e,a,r,e,',s, ,R,o,m,e,o, ,a,n,d, ,J,u,l,i,e,t, ,(,1,9,9,6,), ,7,.,6
W,i,n,n,i,e, ,t,h,e, ,P,o,o,h, ,a,n,d, ,t,h,e, ,B,l,u,s,t,e,r,y, ,D,a,y, ,(,1,9,6,8,), ,8,.,0
B,u,t,c,h, ,C,a,s,s,i,d,y, ,a,n,d, ,t,h,e, ,S,u,n,d,a,n,c,e, ,K,i,d, ,(,1,9,6,9,), ,8,.,0
O,n,c,e, ,U,p,o,n, ,a, ,T,i,m,e, ,i,n, ,t,h,e, ,W,e,s,t, ,(,1,9,6,9,), ,8,.,5
H,e,a,t, ,(,1,9,9,5,), ,6,.,4
M,*,A,*,S,*,H, ,(,1,9,7,0,), ,7,.,4
P,a,t,t,o,n, ,(,1,9,7,0,), ,7,.,9
P,e,r,s,u,a,s,i,o,n, ,(,1,9,9,5,), ,6,.,5
B,a,n,a,n,a,s, ,(,1,9,7,1,), ,7,.,0
B,e,d,k,n,o,b,s, ,a,n,d, ,B,r,o,o,m,s,t,i,c,k,s, ,(,1,9,7,1,), ,7,.,1
C,o,l,d, ,C,o,m,f,o,r,t, ,F,a,r,m, ,(,1,9,9,5,), ,7,.,4
H,a,r,o,l,d, ,a,n,d, ,M,a,u,d,e, ,(,1,9,7,1,), ,7,.,9
W,a,l,k,a,b,o,u,t, ,(,1,9,7,1,), ,7,.,6
H,o,m,e, ,f,o,r, ,t,h,e, ,H,o,l,i,d,a,y,s, ,(,1,9,9,5,), ,6,.,5
P,r,i,v,a,t,e, ,P,a,r,t,s, ,(,1,9,9,7,), ,6,.,6
H,e,a,r,t,s, ,a,n,d, ,M,i,n,d,s, ,(,1,9,9,6,), ,6,.,1
S,u,p,e,r,c,o,p, ,(,1,9,9,2,), ,7,.,7
S,l,e,e,p,e,r, ,(,1,9,7,3,), ,7,.,2
S,t,r,a,n,g,e,r, ,i,n, ,t,h,e, ,H,o,u,s,e, ,(,1,9,9,7,), ,7,.,2
C,h,i,n,a,t,o,w,n, ,(,1,9,7,4,), ,8,.,1
H,e,r,b,i,e, ,R,i,d,e,s, ,A,g,a,i,n, ,(,1,9,7,4,), ,5,.,7
M,o,n,t,y, ,P,y,t,h,o,n, ,a,n,d, ,t,h,e, ,H,o,l,y, ,G,r,a,i,l, ,(,1,9,7,4,), ,8,.,2
Y,o,u,n,g, ,F,r,a,n,k,e,n,s,t,e,i,n, ,(,1,9,7,4,), ,8,.,0
B,a,b,e, ,(,1,9,9,5,), ,7,.,5
E,s,c,a,p,e, ,t,o, ,W,i,t,c,h, ,M,o,u,n,t,a,i,n, ,(,1,9,7,5,), ,6,.,4
J,a,w,s, ,(,1,9,7,5,), ,8,.,0
O,n,e, ,F,l,e,w, ,O,v,e,r, ,t,h,e, ,C,u,c,k,o,o,',s, ,N,e,s,t, ,(,1,9,7,5,), ,8,.,7
S,w,i,t,c,h,b,l,a,d,e, ,S,i,s,t,e,r,s, ,(,1,9,7,5,), ,6,.,6
C,i,t,y, ,o,f, ,A,n,g,e,l,s, ,(,1,9,9,8,), ,7,.,8
B,u,r,n,t, ,O,f,f,e,r,i,n,g,s, ,(,1,9,7,6,), ,6,.,5
B,o,o,m,e,r,a,n,g, ,(,1,9,9,2,), ,6,.,1
D,e,s,p,e,r,a,d,o, ,(,1,9,9,5,), ,7,.,1
G,e,t,t,i,n,g, ,A,w,a,y, ,W,i,t,h, ,M,u,r,d,e,r, ,(,1,9,9,6,), ,6,.,0
T,a,x,i, ,D,r,i,v,e,r, ,(,1,9,7,6,), ,8,.,3
A,n,n,i,e, ,H,a,l,l, ,(,1,9,7,7,), ,8,.,0
A,u,d,r,e,y, ,R,o,s,e, ,(,1,9,7,7,), ,5,.,8
S,h,i,n,e, ,(,1,9,9,6,), ,6,.,0
P,e,t,e,',s, ,D,r,a,g,o,n, ,(,1,9,7,7,), ,6,.,4
F,e,a,r,l,e,s,s, ,(,1,9,9,3,), ,5,.,7
S,n,e,a,k,e,r,s, ,(,1,9,9,2,), ,4,.,9
C,r,a,s,h, ,(,1,9,9,6,), ,5,.,7
G,r,e,a,s,e, ,(,1,9,7,8,), ,7,.,2
J,a,w,s, ,2, ,(,1,9,7,8,), ,5,.,8
M,a,t,i,l,d,a, ,(,1,9,9,6,), ,3,.,4
A,p,o,c,a,l,y,p,s,e, ,N,o,w, ,(,1,9,7,9,), ,8,.,4
B,e,f,o,r,e, ,a,n,d, ,A,f,t,e,r, ,(,1,9,9,6,), ,6,.,5
B,e,i,n,g, ,T,h,e,r,e, ,(,1,9,7,9,), ,8,.,0
C,h,a,i,n, ,R,e,a,c,t,i,o,n, ,(,1,9,9,6,), ,7,.,4
F,r,e,n,c,h, ,K,i,s,s, ,(,1,9,9,5,), ,6,.,8
M,o,n,t,y, ,P,y,t,h,o,n,',s, ,L,i,f,e, ,o,f, ,B,r,i,a,n, ,(,1,9,7,9,), ,8,.,1
S,t,a,l,k,e,r, ,(,1,9,7,9,), ,8,.,2
S,t,a,r, ,T,r,e,k,:, ,T,h,e, ,M,o,t,i,o,n, ,P,i,c,t,u,r,e, ,(,1,9,7,9,), ,6,.,4
C,a,s,i,n,o, ,(,1,9,9,5,), ,5,.,7
U,n,d,e,r, ,S,i,e,g,e, ,(,1,9,9,2,), ,4,.,3
F,a,l,l,i,n,g, ,i,n, ,L,o,v,e, ,A,g,a,i,n, ,(,1,9,8,0,), ,5,.,0
N,o,t,h,i,n,g, ,P,e,r,s,o,n,a,l, ,(,1,9,9,5,), ,4,.,7
P,r,i,v,a,t,e, ,B,e,n,j,a,m,i,n, ,(,1,9,8,0,), ,6,.,2
R,a,g,i,n,g, ,B,u,l,l, ,(,1,9,8,0,), ,8,.,2
S,c,r,e,a,m,e,r,s, ,(,1,9,9,5,), ,5,.,1
S,o,m,e,w,h,e,r,e, ,i,n, ,T,i,m,e, ,(,1,9,8,0,), ,7,.,2
S,t,e,e,l, ,(,1,9,9,7,), ,6,.,0
B,l,o,o,d, ,B,e,a,c,h, ,(,1,9,8,1,), ,4,.,5
C,o,n,a,n, ,t,h,e, ,B,a,r,b,a,r,i,a,n, ,(,1,9,8,1,), ,6,.,9
D,i,v,a, ,(,1,9,8,1,), ,7,.,1
E,s,c,a,p,e, ,f,r,o,m, ,N,e,w, ,Y,o,r,k, ,(,1,9,8,1,), ,7,.,2
F,i,r,e, ,o,n, ,t,h,e, ,M,o,u,n,t,a,i,n, ,(,1,9,9,6,), ,6,.,9
F,l,y, ,A,w,a,y, ,H,o,m,e, ,(,1,9,9,6,), ,5,.,5
H,e,a,v,y, ,M,e,t,a,l, ,(,1,9,8,1,), ,6,.,7
O,n, ,G,o,l,d,e,n, ,P,o,n,d, ,(,1,9,8,1,), ,7,.,6
R,a,i,d,e,r,s, ,o,f, ,t,h,e, ,L,o,s,t, ,A,r,k, ,(,1,9,8,1,), ,8,.,4
S,t,r,i,p,e,s, ,(,1,9,8,1,), ,6,.,9
I,t, ,T,a,k,e,s, ,T,w,o, ,(,1,9,9,5,), ,6,.,8
A,m,i,t,y,v,i,l,l,e, ,I,I,:, ,T,h,e, ,P,o,s,s,e,s,s,i,o,n, ,(,1,9,8,2,), ,5,.,6
B,l,a,d,e, ,R,u,n,n,e,r, ,(,1,9,8,2,), ,8,.,1
E,.,T,., ,t,h,e, ,E,x,t,r,a,-,T,e,r,r,e,s,t,r,i,a,l, ,(,1,9,8,2,), ,7,.,8
G,a,n,d,h,i, ,(,1,9,8,2,), ,8,.,0
G,r,e,a,s,e, ,2, ,(,1,9,8,2,), ,4,.,4
M,y, ,F,a,v,o,r,i,t,e, ,Y,e,a,r, ,(,1,9,8,2,), ,7,.,4
S,o,p,h,i,e,',s, ,C,h,o,i,c,e, ,(,1,9,8,2,), ,7,.,6
T,h,r,e,e,s,o,m,e, ,(,1,9,9,4,), ,5,.,8
A,m,i,t,y,v,i,l,l,e, ,3,-,D, ,(,1,9,8,3,), ,4,.,1
C,a,r,p,o,o,l, ,(,1,9,9,6,), ,5,.,2
J,a,w,s, ,3,-,D, ,(,1,9,8,3,), ,3,.,7
K,o,y,a,a,n,i,s,q,a,t,s,i, ,(,1,9,8,3,), ,8,.,3
L,o,c,a,l, ,H,e,r,o, ,(,1,9,8,3,), ,7,.,3
R,e,t,u,r,n, ,o,f, ,t,h,e, ,J,e,d,i, ,(,1,9,8,3,), ,8,.,3
B,a,d, ,T,a,s,t,e, ,(,1,9,8,7,), ,5,.,2
S,c,r,e,a,m, ,(,1,9,9,6,), ,2,.,9
S,u,b,U,r,b,i,a, ,(,1,9,9,7,), ,7,.,0
A,m,a,d,e,u,s, ,(,1,9,8,4,), ,8,.,3
O,n,c,e, ,U,p,o,n, ,a, ,T,i,m,e, ,i,n, ,A,m,e,r,i,c,a, ,(,1,9,8,4,), ,8,.,4
P,a,r,i,s,",", ,T,e,x,a,s, ,(,1,9,8,4,), ,8,.,1
S,t,a,r, ,T,r,e,k, ,I,I,I,:, ,T,h,e, ,S,e,a,r,c,h, ,f,o,r, ,S,p,o,c,k, ,(,1,9,8,4,), ,6,.,7
T,h,i,s, ,I,s, ,S,p,i,n,a,l, ,T,a,p, ,(,1,9,8,4,), ,7,.,9
B,a,c,k, ,t,o, ,t,h,e, ,F,u,t,u,r,e, ,(,1,9,8,5,), ,8,.,5
B,e,t,t,e,r, ,O,f,f, ,D,e,a,d,.,.,., ,(,1,9,8,5,), ,7,.,1
M,a,l,i,c,e, ,(,1,9,9,3,), ,5,.,9
R,a,n, ,(,1,9,8,5,), ,8,.,2
R,e,a,l, ,G,e,n,i,u,s, ,(,1,9,8,5,), ,7,.,0
S,e,n,s,e, ,a,n,d, ,S,e,n,s,i,b,i,l,i,t,y, ,(,1,9,9,5,), ,6,.,8
W,i,t,n,e,s,s, ,(,1,9,8,5,), ,7,.,4
A,l,a,d,d,i,n, ,(,1,9,9,2,), ,5,.,4
A,p,r,i,l, ,F,o,o,l,',s, ,D,a,y, ,(,1,9,8,6,), ,6,.,2
D,o,w,n, ,b,y, ,L,a,w, ,(,1,9,8,6,), ,7,.,8
J,e,a,n, ,d,e, ,F,l,o,r,e,t,t,e, ,(,1,9,8,6,), ,8,.,0
P,l,a,t,o,o,n, ,(,1,9,8,6,), ,8,.,1
S,t,a,n,d, ,b,y, ,M,e, ,(,1,9,8,6,), ,8,.,1
S,t,a,r, ,T,r,e,k, ,I,V,:, ,T,h,e, ,V,o,y,a,g,e, ,H,o,m,e, ,(,1,9,8,6,), ,7,.,3
T,w,i,s,t,e,d, ,(,1,9,9,6,), ,4,.,7
O,p,e,n, ,S,e,a,s,o,n, ,(,1,9,9,6,), ,6,.,0
D,e,a,d, ,M,a,n, ,W,a,l,k,i,n,g, ,(,1,9,9,5,), ,5,.,0
D,i,r,t,y, ,D,a,n,c,i,n,g, ,(,1,9,8,7,), ,7,.,0
E,v,i,l, ,D,e,a,d, ,I,I, ,(,1,9,8,7,), ,7,.,8
W,i,n,g,s, ,o,f, ,D,e,s,i,r,e, ,(,1,9,8,7,), ,8,.,0
R,a,i,s,i,n,g, ,A,r,i,z,o,n,a, ,(,1,9,8,7,), ,7,.,3
S,o,m,e, ,K,i,n,d, ,o,f, ,W,o,n,d,e,r,f,u,l, ,(,1,9,8,7,), ,7,.,1
T,i,n, ,M,e,n, ,(,1,9,8,7,), ,6,.,6
W,i,t,h,n,a,i,l, ,a,n,d, ,I, ,(,1,9,8,7,), ,7,.,7
B,u,l,l,e,t,p,r,o,o,f, ,(,1,9,9,6,), ,5,.,1
D,i,e, ,H,a,r,d, ,(,1,9,8,8,), ,8,.,2
F,a,i,r, ,G,a,m,e, ,(,1,9,9,5,), ,4,.,8
F,r,e,e,w,a,y, ,(,1,9,9,6,), ,5,.,0
W,o,n,d,e,r,l,a,n,d, ,(,1,9,9,7,), ,6,.,4
B,l,o,w,n, ,A,w,a,y, ,(,1,9,9,4,), ,4,.,7
C,i,n,e,m,a, ,P,a,r,a,d,i,s,o, ,(,1,9,8,8,), ,8,.,5
O,l,i,v,e,r, ,&, ,C,o,m,p,a,n,y, ,(,1,9,8,8,), ,6,.,7
T,a,i,n,t,e,d, ,(,1,9,9,8,), ,5,.,4
T,w,i,s,t,e,r, ,(,1,9,9,6,), ,5,.,2
Y,o,u,n,g, ,G,u,n,s, ,(,1,9,8,8,), ,6,.,9
D,e,a,d, ,P,o,e,t,s, ,S,o,c,i,e,t,y, ,(,1,9,8,9,), ,8,.,1
F,i,e,l,d, ,o,f, ,D,r,e,a,m,s, ,(,1,9,8,9,), ,7,.,5
F,a,t,h,e,r,s,', ,D,a,y, ,(,1,9,9,7,), ,4,.,6
H,e,a,t,h,e,r,s, ,(,1,9,8,9,), ,7,.,2
I,n,d,i,a,n,a, ,J,o,n,e,s, ,a,n,d, ,t,h,e, ,L,a,s,t, ,C,r,u,s,a,d,e, ,(,1,9,8,9,), ,8,.,2
H,a,r,d, ,R,a,i,n, ,(,1,9,9,8,), ,6,.,5
M,y, ,L,e,f,t, ,F,o,o,t, ,(,1,9,8,9,), ,7,.,9
S,t,a,r, ,T,r,e,k, ,V,:, ,T,h,e, ,F,i,n,a,l, ,F,r,o,n,t,i,e,r, ,(,1,9,8,9,), ,5,.,5
T,o, ,D,i,e, ,F,o,r, ,(,1,9,9,5,), ,4,.,8
W,e,e,k,e,n,d, ,a,t, ,B,e,r,n,i,e,',s, ,(,1,9,8,9,), ,6,.,4
W,h,e,n, ,H,a,r,r,y, ,M,e,t, ,S,a,l,l,y,.,.,., ,(,1,9,8,9,), ,7,.,6
S,e,x,",", ,L,i,e,s,",", ,a,n,d, ,V,i,d,e,o,t,a,p,e, ,(,1,9,8,9,), ,7,.,2
N,o,r,m,a,l, ,L,i,f,e, ,(,1,9,9,6,), ,7,.,0
D,a,n,c,e,s, ,w,i,t,h, ,W,o,l,v,e,s, ,(,1,9,9,0,), ,8,.,0
D,a,y,s, ,o,f, ,T,h,u,n,d,e,r, ,(,1,9,9,0,), ,6,.,1
D,i,e, ,H,a,r,d, ,2, ,(,1,9,9,0,), ,7,.,2
G,h,o,s,t, ,(,1,9,9,0,), ,7,.,1
G,o,o,d,F,e,l,l,a,s, ,(,1,9,9,0,), ,8,.,7
H,o,m,e, ,A,l,o,n,e, ,(,1,9,9,0,), ,7,.,6
K,i,n,g, ,o,f, ,N,e,w, ,Y,o,r,k, ,(,1,9,9,0,), ,7,.,0
M,a,r,k,e,d, ,f,o,r, ,D,e,a,t,h, ,(,1,9,9,0,), ,6,.,0
M,i,l,l,e,r,',s, ,C,r,o,s,s,i,n,g, ,(,1,9,9,0,), ,7,.,7
P,a,r,i,s, ,I,s, ,B,u,r,n,i,n,g, ,(,1,9,9,0,), ,8,.,2
P,r,e,t,t,y, ,W,o,m,a,n, ,(,1,9,9,0,), ,7,.,0
P,u,m,p, ,U,p, ,t,h,e, ,V,o,l,u,m,e, ,(,1,9,9,0,), ,7,.,2
Y,o,u,n,g, ,G,u,n,s, ,I,I, ,(,1,9,9,0,), ,6,.,5
T,i,e, ,M,e, ,U,p,!, ,T,i,e, ,M,e, ,D,o,w,n,!, ,(,1,9,9,0,), ,7,.,0
B,o,d,y, ,P,a,r,t,s, ,(,1,9,9,1,), ,5,.,6
C,u,r,d,l,e,d, ,(,1,9,9,6,), ,7,.,0
R,a,i,s,e, ,t,h,e, ,R,e,d, ,L,a,n,t,e,r,n, ,(,1,9,9,1,), ,8,.,1
D,e,a,t,h, ,i,n, ,B,r,u,n,s,w,i,c,k, ,(,1,9,9,1,), ,6,.,6
D,e,l,i,c,a,t,e,s,s,e,n, ,(,1,9,9,1,), ,7,.,6
D,e,s,p,e,r,a,t,e, ,M,e,a,s,u,r,e,s, ,(,1,9,9,8,), ,6,.,4
D,r,e,a,m, ,M,a,n, ,(,1,9,9,5,), ,7,.,8
D,r,o,p, ,D,e,a,d, ,F,r,e,d, ,(,1,9,9,1,), ,6,.,0
F,a,t,a,l, ,I,n,s,t,i,n,c,t, ,(,1,9,9,3,), ,4,.,2
F,r,i,e,d, ,G,r,e,e,n, ,T,o,m,a,t,o,e,s, ,(,1,9,9,1,), ,7,.,7
L,a,s,t, ,D,a,n,c,e, ,(,1,9,9,6,), ,4,.,9
M,a,d,o,n,n,a,:, ,T,r,u,t,h, ,o,r, ,D,a,r,e, ,(,1,9,9,1,), ,6,.,4
M,y, ,O,w,n, ,P,r,i,v,a,t,e, ,I,d,a,h,o, ,(,1,9,9,1,), ,7,.,1
N,i,g,h,t, ,o,n, ,E,a,r,t,h, ,(,1,9,9,1,), ,7,.,8
R,o,b,i,n, ,H,o,o,d,:, ,P,r,i,n,c,e, ,o,f, ,T,h,i,e,v,e,s, ,(,1,9,9,1,), ,6,.,9
S,t,a,r, ,T,r,e,k, ,V,I,:, ,T,h,e, ,U,n,d,i,s,c,o,v,e,r,e,d, ,C,o,u,n,t,r,y, ,(,1,9,9,1,), ,7,.,2
T,e,r,m,i,n,a,t,o,r, ,2,:, ,J,u,d,g,m,e,n,t, ,D,a,y, ,(,1,9,9,1,), ,8,.,5
T,o, ,C,r,o,s,s, ,t,h,e, ,R,u,b,i,c,o,n, ,(,1,9,9,1,), ,5,.,5
T,r,u,s,t, ,(,1,9,9,0,), ,7,.,3
H,i,g,h,l,a,n,d,e,r, ,(,1,9,8,6,), ,7,.,2
A,l,i,e,n, ,3, ,(,1,9,9,2,), ,6,.,5
A,m,i,t,y,v,i,l,l,e, ,1,9,9,2,:, ,I,t,',s, ,A,b,o,u,t, ,T,i,m,e, ,(,1,9,9,2,), ,4,.,6
B,a,s,i,c, ,I,n,s,t,i,n,c,t, ,(,1,9,9,2,), ,7,.,0
B,a,t,m,a,n, ,R,e,t,u,r,n,s, ,(,1,9,9,2,), ,7,.,0
B,o,b, ,R,o,b,e,r,t,s, ,(,1,9,9,2,), ,7,.,0
B,r,a,m, ,S,t,o,k,e,r,',s, ,D,r,a,c,u,l,a, ,(,1,9,9,2,), ,7,.,4
C,a,n,d,y,m,a,n, ,(,1,9,9,2,), ,6,.,6
C,a,r,e,f,u,l, ,(,1,9,9,2,), ,7,.,0
C,r,o,n,o,s, ,(,1,9,9,2,), ,6,.,7
G,l,e,n,g,a,r,r,y, ,G,l,e,n, ,R,o,s,s, ,(,1,9,9,2,), ,7,.,7
I,n,f,i,n,i,t,y, ,(,1,9,9,6,), ,6,.,9
B,i,t,t,e,r, ,M,o,o,n, ,(,1,9,9,2,), ,7,.,2
P,a,s,s,i,o,n, ,F,i,s,h, ,(,1,9,9,2,), ,7,.,4
R,e,d, ,R,o,c,k, ,W,e,s,t, ,(,1,9,9,2,), ,7,.,0
R,e,s,e,r,v,o,i,r, ,D,o,g,s, ,(,1,9,9,2,), ,8,.,3
R,o,m,p,e,r, ,S,t,o,m,p,e,r, ,(,1,9,9,2,), ,6,.,8
S,t,r,i,c,t,l,y, ,B,a,l,l,r,o,o,m, ,(,1,9,9,2,), ,7,.,2
U,n,f,o,r,g,i,v,e,n, ,(,1,9,9,2,), ,8,.,2
V,e,n,i,c,e,/,V,e,n,i,c,e, ,(,1,9,9,2,), ,6,.,0
V,e,r,m,o,n,t, ,I,s, ,F,o,r, ,L,o,v,e,r,s, ,(,1,9,9,2,), ,6,.,9
S,i,r,e,n,s, ,(,1,9,9,4,), ,7,.,1
A,d,d,a,m,s, ,F,a,m,i,l,y, ,V,a,l,u,e,s, ,(,1,9,9,3,), ,6,.,8
A,m,i,t,y,v,i,l,l,e,:, ,A, ,N,e,w, ,G,e,n,e,r,a,t,i,o,n, ,(,1,9,9,3,), ,3,.,8
A,m,o,s, ,&, ,A,n,d,r,e,w, ,(,1,9,9,3,), ,5,.,7
A,n,o,t,h,e,r, ,S,t,a,k,e,o,u,t, ,(,1,9,9,3,), ,5,.,6
A,r,m,y, ,o,f, ,D,a,r,k,n,e,s,s, ,(,1,9,9,3,), ,7,.,5
F,a,r,e,w,e,l,l, ,M,y, ,C,o,n,c,u,b,i,n,e, ,(,1,9,9,3,), ,8,.,1
B,a,c,k,b,e,a,t, ,(,1,9,9,3,), ,6,.,6
B,e,i,n,g, ,H,u,m,a,n, ,(,1,9,9,3,), ,5,.,5
B,e,n,n,y, ,&, ,J,o,o,n, ,(,1,9,9,3,), ,7,.,2
B,e,y,o,n,d, ,B,e,d,l,a,m, ,(,1,9,9,3,), ,3,.,3
B,o,d,y, ,S,n,a,t,c,h,e,r,s, ,(,1,9,9,3,), ,6,.,0
B,o,x,i,n,g, ,H,e,l,e,n,a, ,(,1,9,9,3,), ,4,.,8
C,a,r,l,i,t,o,',s, ,W,a,y, ,(,1,9,9,3,), ,7,.,9
C,l,i,f,f,h,a,n,g,e,r, ,(,1,9,9,3,), ,6,.,4
C,o,n,e,h,e,a,d,s, ,(,1,9,9,3,), ,5,.,3
C,o,o,l, ,R,u,n,n,i,n,g,s, ,(,1,9,9,3,), ,7,.,0
D,a,v,e, ,(,1,9,9,3,), ,6,.,8
D,a,z,e,d, ,a,n,d, ,C,o,n,f,u,s,e,d, ,(,1,9,9,3,), ,7,.,6
D,e,m,o,l,i,t,i,o,n, ,M,a,n, ,(,1,9,9,3,), ,6,.,7
E,v,e,n, ,C,o,w,g,i,r,l,s, ,G,e,t, ,t,h,e, ,B,l,u,e,s, ,(,1,9,9,3,), ,4,.,4
F,e,a,r, ,o,f, ,a, ,B,l,a,c,k, ,H,a,t, ,(,1,9,9,3,), ,7,.,2
F,l,e,s,h, ,a,n,d, ,B,o,n,e, ,(,1,9,9,3,), ,6,.,2
F,l,i,r,t, ,(,1,9,9,5,), ,7,.,2
F,r,e,e, ,W,i,l,l,y, ,(,1,9,9,3,), ,6,.,0
G,e,r,m,i,n,a,l, ,(,1,9,9,3,), ,7,.,1
G,e,r,o,n,i,m,o,:, ,A,n, ,A,m,e,r,i,c,a,n, ,L,e,g,e,n,d, ,(,1,9,9,3,), ,6,.,5
G,r,o,u,n,d,h,o,g, ,D,a,y, ,(,1,9,9,3,), ,8,.,0
G,u,i,l,t,y, ,a,s, ,S,i,n, ,(,1,9,9,3,), ,5,.,6
H,a,r,d, ,T,a,r,g,e,t, ,(,1,9,9,3,), ,6,.,2
H,e,a,v,e,n, ,&, ,E,a,r,t,h, ,(,1,9,9,3,), ,6,.,8
H,e,a,d, ,A,b,o,v,e, ,W,a,t,e,r, ,(,1,9,9,6,), ,6,.,5
H,o,m,e,w,a,r,d, ,B,o,u,n,d,:, ,T,h,e, ,I,n,c,r,e,d,i,b,l,e, ,J,o,u,r,n,e,y, ,(,1,9,9,3,), ,6,.,9
H,o,t, ,S,h,o,t,s,!, ,P,a,r,t, ,D,e,u,x, ,(,1,9,9,3,), ,6,.,6
I,n, ,t,h,e, ,L,i,n,e, ,o,f, ,F,i,r,e, ,(,1,9,9,3,), ,7,.,2
I,n, ,t,h,e, ,N,a,m,e, ,o,f, ,t,h,e, ,F,a,t,h,e,r, ,(,1,9,9,3,), ,8,.,1
C,i,a,o,",", ,P,r,o,f,e,s,s,o,r,e,!, ,(,1,9,9,3,), ,6,.,9
J,u,d,g,m,e,n,t, ,N,i,g,h,t, ,(,1,9,9,3,), ,6,.,7
J,u,r,a,s,s,i,c, ,P,a,r,k, ,(,1,9,9,3,), ,8,.,1
K,a,l,i,f,o,r,n,i,a, ,(,1,9,9,3,), ,6,.,7
K,i,n,g, ,o,f, ,t,h,e, ,H,i,l,l, ,(,1,9,9,3,), ,7,.,4
L,a,s,t, ,A,c,t,i,o,n, ,H,e,r,o, ,(,1,9,9,3,), ,6,.,4
L,i,f,e, ,w,i,t,h, ,M,i,k,e,y, ,(,1,9,9,3,), ,5,.,6
L,i,t,t,l,e, ,B,u,d,d,h,a, ,(,1,9,9,3,), ,6,.,1
M,., ,B,u,t,t,e,r,f,l,y, ,(,1,9,9,3,), ,6,.,8
M,a,n,h,a,t,t,a,n, ,M,u,r,d,e,r, ,M,y,s,t,e,r,y, ,(,1,9,9,3,), ,7,.,4
C,e,l,e,s,t,i,a,l, ,C,l,o,c,k,w,o,r,k, ,(,1,9,9,4,), ,6,.,7
M,e,n,a,c,e, ,I,I, ,S,o,c,i,e,t,y, ,(,1,9,9,3,), ,7,.,5
M,r,., ,J,o,n,e,s, ,(,1,9,9,3,), ,5,.,8
M,r,., ,W,o,n,d,e,r,f,u,l, ,(,1,9,9,3,), ,5,.,9
M,r,s,., ,D,o,u,b,t,f,i,r,e, ,(,1,9,9,3,), ,7,.,0
N,a,k,e,d, ,(,1,9,9,3,), ,7,.,8
O,r,l,a,n,d,o, ,(,1,9,9,3,), ,7,.,2
P,h,i,l,a,d,e,l,p,h,i,a, ,(,1,9,9,3,), ,7,.,7
P,o,e,t,i,c, ,J,u,s,t,i,c,e, ,(,1,9,9,3,), ,6,.,1
R,i,s,i,n,g, ,S,u,n, ,(,1,9,9,3,), ,6,.,3
R,o,b,o,c,o,p, ,3, ,(,1,9,9,3,), ,4,.,1
R,o,m,e,o, ,I,s, ,B,l,e,e,d,i,n,g, ,(,1,9,9,3,), ,6,.,6
R,u,b,y, ,i,n, ,P,a,r,a,d,i,s,e, ,(,1,9,9,3,), ,7,.,0
R,u,d,y, ,(,1,9,9,3,), ,7,.,5
S,c,h,i,n,d,l,e,r,',s, ,L,i,s,t, ,(,1,9,9,3,), ,8,.,9
S,e,a,r,c,h,i,n,g, ,f,o,r, ,B,o,b,b,y, ,F,i,s,c,h,e,r, ,(,1,9,9,3,), ,7,.,4
S,h,a,d,o,w,l,a,n,d,s, ,(,1,9,9,3,), ,7,.,3
S,h,o,r,t, ,C,u,t,s, ,(,1,9,9,3,), ,7,.,7
S,i,x, ,D,e,g,r,e,e,s, ,o,f, ,S,e,p,a,r,a,t,i,o,n, ,(,1,9,9,3,), ,6,.,8
S,l,e,e,p,l,e,s,s, ,i,n, ,S,e,a,t,t,l,e, ,(,1,9,9,3,), ,6,.,8
S,l,i,v,e,r, ,(,1,9,9,3,), ,5,.,1
S,o, ,I, ,M,a,r,r,i,e,d, ,a,n, ,A,x,e, ,M,u,r,d,e,r,e,r, ,(,1,9,9,3,), ,6,.,4
S,o,m,e, ,F,o,l,k,s, ,C,a,l,l, ,I,t, ,a, ,S,l,i,n,g, ,B,l,a,d,e, ,(,1,9,9,3,), ,7,.,6
S,o,n, ,i,n, ,L,a,w, ,(,1,9,9,3,), ,5,.,9
S,t,a,l,i,n,g,r,a,d, ,(,1,9,9,3,), ,7,.,5
S,t,r,i,k,i,n,g, ,D,i,s,t,a,n,c,e, ,(,1,9,9,3,), ,5,.,9
S,u,t,u,r,e, ,(,1,9,9,3,), ,6,.,6
T,o,m,b,s,t,o,n,e, ,(,1,9,9,3,), ,7,.,8
T,h,r,e,e, ,C,o,l,o,r,s,:, ,B,l,u,e, ,(,1,9,9,3,), ,7,.,9
T,r,u,e, ,R,o,m,a,n,c,e, ,(,1,9,9,3,), ,7,.,9
W,h,a,t,',s, ,E,a,t,i,n,g, ,G,i,l,b,e,r,t, ,G,r,a,p,e, ,(,1,9,9,3,), ,7,.,8
W,h,a,t,',s, ,L,o,v,e, ,G,o,t, ,t,o, ,D,o, ,w,i,t,h, ,I,t, ,(,1,9,9,3,), ,7,.,3
1,-,9,0,0, ,(,1,9,9,4,), ,6,.,2
8, ,S,e,c,o,n,d,s, ,(,1,9,9,4,), ,6,.,6
A,b,o,v,e, ,t,h,e, ,R,i,m, ,(,1,9,9,4,), ,6,.,6
A,c,e, ,V,e,n,t,u,r,a,:, ,P,e,t, ,D,e,t,e,c,t,i,v,e, ,(,1,9,9,4,), ,6,.,9
A,i,r,h,e,a,d,s, ,(,1,9,9,4,), ,6,.,1
A,m,a,t,e,u,r, ,(,1,9,9,4,), ,6,.,9
A,n,d,r,e, ,(,1,9,9,4,), ,5,.,7
B,a,b,y,f,e,v,e,r, ,(,1,9,9,4,), ,5,.,5
B,a,r,c,e,l,o,n,a, ,(,1,9,9,4,), ,7,.,0
B,e,v,e,r,l,y, ,H,i,l,l,s, ,C,o,p, ,I,I,I, ,(,1,9,9,4,), ,5,.,6
B,l,i,n,k, ,(,1,9,9,4,), ,6,.,2
B,l,u,e, ,C,h,i,p,s, ,(,1,9,9,4,), ,6,.,2
B,l,u,e, ,S,k,y, ,(,1,9,9,4,), ,6,.,4
B,o,t,t,l,e, ,R,o,c,k,e,t, ,(,1,9,9,6,), ,6,.,8
B,r,o,t,h,e,r, ,M,i,n,i,s,t,e,r,:, ,T,h,e, ,A,s,s,a,s,s,i,n,a,t,i,o,n, ,o,f, ,M,a,l,c,o,l,m, ,X, ,(,1,9,9,4,), ,7,.,3
B,u,l,l,e,t,s, ,O,v,e,r, ,B,r,o,a,d,w,a,y, ,(,1,9,9,4,), ,7,.,4
C,a,b,i,n, ,B,o,y, ,(,1,9,9,4,), ,5,.,4
C,a,n,a,d,i,a,n, ,B,a,c,o,n, ,(,1,9,9,4,), ,6,.,0
C,h,a,s,e,r,s, ,(,1,9,9,4,), ,5,.,2
C,h,u,n,g,k,i,n,g, ,E,x,p,r,e,s,s, ,(,1,9,9,4,), ,8,.,1
C,i,t,y, ,S,l,i,c,k,e,r,s, ,I,I,:, ,T,h,e, ,L,e,g,e,n,d, ,o,f, ,C,u,r,l,y,',s, ,G,o,l,d, ,(,1,9,9,4,), ,5,.,6
C,l,e,a,n, ,S,l,a,t,e, ,(,1,9,9,4,), ,5,.,7
C,l,e,a,r, ,a,n,d, ,P,r,e,s,e,n,t, ,D,a,n,g,e,r, ,(,1,9,9,4,), ,6,.,9
C,l,e,r,k,s, ,(,1,9,9,4,), ,7,.,7
C,o,b,b, ,(,1,9,9,4,), ,6,.,4
C,o,p,s, ,a,n,d, ,R,o,b,b,e,r,s,o,n,s, ,(,1,9,9,4,), ,5,.,2
C,o,r,r,i,n,a,",", ,C,o,r,r,i,n,a, ,(,1,9,9,4,), ,6,.,6
C,o,u,n,t,r,y, ,L,i,f,e, ,(,1,9,9,4,), ,6,.,6
C,r,o,o,k,l,y,n, ,(,1,9,9,4,), ,7,.,0
C,r,u,m,b, ,(,1,9,9,4,), ,8,.,0
D,e,l,t,a, ,o,f, ,V,e,n,u,s, ,(,1,9,9,4,), ,4,.,7
D,i,s,c,l,o,s,u,r,e, ,(,1,9,9,4,), ,6,.,1
D,o,l,o,r,e,s, ,C,l,a,i,b,o,r,n,e, ,(,1,9,9,4,), ,7,.,4
D,o,u,b,l,e, ,H,a,p,p,i,n,e,s,s, ,(,1,9,9,4,), ,7,.,0
D,r,o,p, ,Z,o,n,e, ,(,1,9,9,4,), ,5,.,6
E,d, ,W,o,o,d, ,(,1,9,9,4,), ,7,.,8
E,x,i,t, ,t,o, ,E,d,e,n, ,(,1,9,9,4,), ,4,.,3
E,x,o,t,i,c,a, ,(,1,9,9,4,), ,7,.,0
F,o,r,r,e,s,t, ,G,u,m,p, ,(,1,9,9,4,), ,8,.,8
F,o,u,r, ,W,e,d,d,i,n,g,s, ,a,n,d, ,a, ,F,u,n,e,r,a,l, ,(,1,9,9,4,), ,7,.,1
M,a,r,y, ,S,h,e,l,l,e,y,',s, ,F,r,a,n,k,e,n,s,t,e,i,n, ,(,1,9,9,4,), ,6,.,4
F,r,e,s,h, ,(,1,9,9,4,), ,7,.,6
G,e,t,t,i,n,g, ,E,v,e,n, ,w,i,t,h, ,D,a,d, ,(,1,9,9,4,), ,4,.,8
G,o, ,F,i,s,h, ,(,1,9,9,4,), ,5,.,6
H,e,a,v,y,w,e,i,g,h,t,s, ,(,1,9,9,4,), ,6,.,7
H,o,o,p, ,D,r,e,a,m,s, ,(,1,9,9,4,), ,8,.,3
H,o,s,t,i,l,e, ,I,n,t,e,n,t,i,o,n,s, ,(,1,9,9,4,), ,3,.,9
H,o,u,s,e, ,P,a,r,t,y, ,3, ,(,1,9,9,4,), ,4,.,7
H,o,u,s,e,g,u,e,s,t, ,(,1,9,9,4,), ,6,.,0
I, ,L,i,k,e, ,I,t, ,L,i,k,e, ,T,h,a,t, ,(,1,9,9,4,), ,6,.,9
I,',l,l, ,D,o, ,A,n,y,t,h,i,n,g, ,(,1,9,9,4,), ,5,.,5
I,.,Q,., ,(,1,9,9,4,), ,6,.,2
I,m,m,o,r,t,a,l, ,B,e,l,o,v,e,d, ,(,1,9,9,4,), ,7,.,4
I,n, ,t,h,e, ,A,r,m,y, ,N,o,w, ,(,1,9,9,4,), ,5,.,0
I,n,t,e,r,v,i,e,w, ,w,i,t,h, ,t,h,e, ,V,a,m,p,i,r,e, ,(,1,9,9,4,), ,7,.,5
J,a,s,o,n,',s, ,L,y,r,i,c, ,(,1,9,9,4,), ,6,.,6
J,i,m,m,y, ,H,o,l,l,y,w,o,o,d, ,(,1,9,9,4,), ,5,.,3
J,u,n,i,o,r, ,(,1,9,9,4,), ,4,.,6
J,u,p,i,t,e,r,',s, ,W,i,f,e, ,(,1,9,9,4,), ,7,.,2
K,i,l,l,i,n,g, ,Z,o,e, ,(,1,9,9,4,), ,6,.,5
L,e,g,e,n,d,s, ,o,f, ,t,h,e, ,F,a,l,l, ,(,1,9,9,4,), ,7,.,6
L,i,g,h,t,n,i,n,g, ,J,a,c,k, ,(,1,9,9,4,), ,5,.,6
L,i,t,t,l,e, ,B,i,g, ,L,e,a,g,u,e, ,(,1,9,9,4,), ,6,.,1
L,i,t,t,l,e, ,O,d,e,s,s,a, ,(,1,9,9,4,), ,6,.,7
L,o,a,d,e,d, ,(,1,9,9,4,), ,4,.,6
L,o,v,e, ,a,n,d, ,a, ,.,4,5, ,(,1,9,9,4,), ,6,.,1
M,a,j,o,r, ,P,a,y,n,e, ,(,1,9,9,4,), ,6,.,3
M,a,y,a, ,L,i,n,:, ,A, ,S,t,r,o,n,g, ,C,l,e,a,r, ,V,i,s,i,o,n, ,(,1,9,9,4,), ,7,.,3
M,i,l,k, ,M,o,n,e,y, ,(,1,9,9,4,), ,5,.,6
M,r,s,., ,P,a,r,k,e,r, ,a,n,d, ,t,h,e, ,V,i,c,i,o,u,s, ,C,i,r,c,l,e, ,(,1,9,9,4,), ,6,.,4
M,u,r,i,e,l,',s, ,W,e,d,d,i,n,g, ,(,1,9,9,4,), ,7,.,2
M,u,t,e, ,W,i,t,n,e,s,s, ,(,1,9,9,4,), ,6,.,7
N,a,d,j,a, ,(,1,9,9,4,), ,6,.,0
N,a,k,e,d, ,G,u,n, ,3,3, ,1,/,3,:, ,T,h,e, ,F,i,n,a,l, ,I,n,s,u,l,t, ,(,1,9,9,4,), ,6,.,5
N,a,k,e,d, ,i,n, ,N,e,w, ,Y,o,r,k, ,(,1,9,9,4,), ,5,.,6
N,a,t,u,r,a,l, ,B,o,r,n, ,K,i,l,l,e,r,s, ,(,1,9,9,4,), ,7,.,3
N,e,l,l, ,(,1,9,9,4,), ,6,.,5
N,i,n,a, ,T,a,k,e,s, ,a, ,L,o,v,e,r, ,(,1,9,9,4,), ,5,.,5
N,o,r,t,h, ,(,1,9,9,4,), ,4,.,5
O,f, ,L,o,v,e, ,a,n,d, ,S,h,a,d,o,w,s, ,(,1,9,9,4,), ,5,.,1
W,i,n,d,o,w, ,t,o, ,P,a,r,i,s, ,(,1,9,9,4,), ,7,.,4
O,n,c,e, ,W,e,r,e, ,W,a,r,r,i,o,r,s, ,(,1,9,9,4,), ,7,.,9
P,r,i,e,s,t, ,(,1,9,9,4,), ,7,.,0
P,r,i,n,c,e,s,s, ,C,a,r,a,b,o,o, ,(,1,9,9,4,), ,6,.,0
P,u,l,p, ,F,i,c,t,i,o,n, ,(,1,9,9,4,), ,8,.,9
Q,u,i,z, ,S,h,o,w, ,(,1,9,9,4,), ,7,.,5
R,a,d,i,o,l,a,n,d, ,M,u,r,d,e,r,s, ,(,1,9,9,4,), ,6,.,2
R,e,a,l,i,t,y, ,B,i,t,e,s, ,(,1,9,9,4,), ,6,.,6
R,e,n,a,i,s,s,a,n,c,e, ,M,a,n, ,(,1,9,9,4,), ,6,.,2
R,i,c,h,i,e, ,R,i,c,h, ,(,1,9,9,4,), ,5,.,4
R,o,b,e,r,t, ,A,., ,H,e,i,n,l,e,i,n,',s, ,T,h,e, ,P,u,p,p,e,t, ,M,a,s,t,e,r,s, ,(,1,9,9,4,), ,5,.,9
W,i,l,d, ,R,e,e,d,s, ,(,1,9,9,4,), ,7,.,4
S,.,F,.,W,., ,(,1,9,9,4,), ,5,.,8
S,a,f,e, ,P,a,s,s,a,g,e, ,(,1,9,9,4,), ,6,.,3
S,e,r,i,a,l, ,M,o,m, ,(,1,9,9,4,), ,6,.,8
S,h,a,l,l,o,w, ,G,r,a,v,e, ,(,1,9,9,4,), ,7,.,3
S,h,o,p,p,i,n,g, ,(,1,9,9,4,), ,5,.,4
S,o,m,e,b,o,d,y, ,t,o, ,L,o,v,e, ,(,1,9,9,4,), ,5,.,4
S,p,a,n,k,i,n,g, ,t,h,e, ,M,o,n,k,e,y, ,(,1,9,9,4,), ,6,.,2
S,p,e,e,c,h,l,e,s,s, ,(,1,9,9,4,), ,5,.,8
S,t,a,r, ,T,r,e,k,:, ,G,e,n,e,r,a,t,i,o,n,s, ,(,1,9,9,4,), ,6,.,6
S,t,a,r,g,a,t,e, ,(,1,9,9,4,), ,7,.,1
S,u,r,v,i,v,i,n,g, ,t,h,e, ,G,a,m,e, ,(,1,9,9,4,), ,6,.,2
T,a,l,k,i,n,g, ,A,b,o,u,t, ,S,e,x, ,(,1,9,9,4,), ,6,.,2
T,e,r,m,i,n,a,l, ,V,e,l,o,c,i,t,y, ,(,1,9,9,4,), ,5,.,5
T,i,m,e,c,o,p, ,(,1,9,9,4,), ,5,.,9
T,o,m, ,&, ,V,i,v, ,(,1,9,9,4,), ,6,.,3
T,h,r,e,e, ,C,o,l,o,r,s,:, ,R,e,d, ,(,1,9,9,4,), ,8,.,1
T,r,u,e, ,L,i,e,s, ,(,1,9,9,4,), ,7,.,2
T,h,r,e,e, ,C,o,l,o,r,s,:, ,W,h,i,t,e, ,(,1,9,9,4,), ,7,.,6
B,u,r,n,t, ,B,y, ,t,h,e, ,S,u,n, ,(,1,9,9,4,), ,7,.,9
V,a,n,y,a, ,o,n, ,4,2,n,d, ,S,t,r,e,e,t, ,(,1,9,9,4,), ,7,.,4
W,e,s, ,C,r,a,v,e,n,',s, ,N,e,w, ,N,i,g,h,t,m,a,r,e, ,(,1,9,9,4,), ,6,.,5
W,h,a,t, ,H,a,p,p,e,n,e,d, ,W,a,s,.,.,., ,(,1,9,9,4,), ,7,.,2
W,h,e,n, ,a, ,M,a,n, ,L,o,v,e,s, ,a, ,W,o,m,a,n, ,(,1,9,9,4,), ,6,.,6
W,h,i,t,e, ,M,a,n,',s, ,B,u,r,d,e,n, ,(,1,9,9,5,), ,5,.,4
W,i,t,h, ,H,o,n,o,r,s, ,(,1,9,9,4,), ,6,.,7
W,y,a,t,t, ,E,a,r,p, ,(,1,9,9,4,), ,6,.,7
E,a,t, ,D,r,i,n,k, ,M,a,n, ,W,o,m,a,n, ,(,1,9,9,4,), ,7,.,8
S,t,e,p,h,e,n, ,K,i,n,g,',s, ,T,h,e, ,L,a,n,g,o,l,i,e,r,s, ,(,1,9,9,5,), ,6,.,1
A,c,e, ,V,e,n,t,u,r,a,:, ,W,h,e,n, ,N,a,t,u,r,e, ,C,a,l,l,s, ,(,1,9,9,5,), ,6,.,4
A,c,r,o,s,s, ,t,h,e, ,S,e,a, ,o,f, ,T,i,m,e, ,(,1,9,9,5,), ,5,.,9
T,o,m, ,a,n,d, ,H,u,c,k, ,(,1,9,9,5,), ,5,.,5
A,n,g,e,l,a, ,(,1,9,9,5,), ,6,.,4
A,n,g,e,l,s, ,a,n,d, ,I,n,s,e,c,t,s, ,(,1,9,9,5,), ,6,.,8
A,n,g,u,s, ,(,1,9,9,5,), ,6,.,7
A,n,t,o,n,i,a,',s, ,L,i,n,e, ,(,1,9,9,5,), ,7,.,4
A,p,o,l,l,o, ,1,3, ,(,1,9,9,5,), ,7,.,6
A,s,s,a,s,s,i,n,s, ,(,1,9,9,5,), ,6,.,4
B,a,l,t,o, ,(,1,9,9,5,), ,7,.,1
B,a,t,m,a,n, ,F,o,r,e,v,e,r, ,(,1,9,9,5,), ,5,.,4
B,e,f,o,r,e, ,S,u,n,r,i,s,e, ,(,1,9,9,5,), ,8,.,1
B,e,s,t, ,o,f, ,t,h,e, ,B,e,s,t, ,3,:, ,N,o, ,T,u,r,n,i,n,g, ,B,a,c,k, ,(,1,9,9,5,), ,4,.,9
B,i,l,l,y, ,M,a,d,i,s,o,n, ,(,1,9,9,5,), ,6,.,4
B,l,o,o,d,s,p,o,r,t, ,2, ,(,1,9,9,5,), ,4,.,8
B,l,u,e, ,i,n, ,t,h,e, ,F,a,c,e, ,(,1,9,9,5,), ,6,.,7
B,o,y,s, ,o,n, ,t,h,e, ,S,i,d,e, ,(,1,9,9,5,), ,6,.,5
B,u,s,h,w,h,a,c,k,e,d, ,(,1,9,9,5,), ,5,.,6
C,a,n,d,y,m,a,n,:, ,F,a,r,e,w,e,l,l, ,t,o, ,t,h,e, ,F,l,e,s,h, ,(,1,9,9,5,), ,5,.,3
C,a,r,r,i,n,g,t,o,n, ,(,1,9,9,5,), ,6,.,8
C,a,s,p,e,r, ,(,1,9,9,5,), ,6,.,1
C,a,s,t,l,e, ,F,r,e,a,k, ,(,1,9,9,5,), ,6,.,0
C,a,t,w,a,l,k, ,(,1,9,9,5,), ,7,.,0
C,i,r,c,l,e, ,o,f, ,F,r,i,e,n,d,s, ,(,1,9,9,5,), ,6,.,6
C,l,o,c,k,e,r,s, ,(,1,9,9,5,), ,6,.,9
C,l,u,e,l,e,s,s, ,(,1,9,9,5,), ,6,.,8
C,o,l,d,b,l,o,o,d,e,d, ,(,1,9,9,5,), ,6,.,7
C,o,n,g,o, ,(,1,9,9,5,), ,5,.,3
C,o,p,y,c,a,t, ,(,1,9,9,5,), ,6,.,6
T,h,e, ,C,o,u,r,t,y,a,r,d, ,(,1,9,9,5,), ,5,.,2
C,r,i,m,s,o,n, ,T,i,d,e, ,(,1,9,9,5,), ,7,.,3
C,r,y,",", ,t,h,e, ,B,e,l,o,v,e,d, ,C,o,u,n,t,r,y, ,(,1,9,9,5,), ,6,.,8
C,u,t,t,h,r,o,a,t, ,I,s,l,a,n,d, ,(,1,9,9,5,), ,5,.,7
C,y,c,l,o, ,(,1,9,9,5,), ,7,.,3
D,a,d,e,t,o,w,n, ,(,1,9,9,5,), ,6,.,9
D,a,n,g,e,r,o,u,s, ,M,i,n,d,s, ,(,1,9,9,5,), ,6,.,6
D,e,a,d, ,M,a,n, ,(,1,9,9,5,), ,7,.,6
D,e,a,d, ,P,r,e,s,i,d,e,n,t,s, ,(,1,9,9,5,), ,6,.,9
D,e,n,i,s,e, ,C,a,l,l,s, ,U,p, ,(,1,9,9,5,), ,6,.,6
D,e,s,e,r,t, ,W,i,n,d,s, ,(,1,9,9,5,), ,5,.,6
D,e,s,t,i,n,y, ,T,u,r,n,s, ,o,n, ,t,h,e, ,R,a,d,i,o, ,(,1,9,9,5,), ,4,.,6
D,e,v,i,l, ,i,n, ,a, ,B,l,u,e, ,D,r,e,s,s, ,(,1,9,9,5,), ,6,.,7
D,o,n, ,J,u,a,n, ,D,e,M,a,r,c,o, ,(,1,9,9,5,), ,6,.,7
D,r,a,c,u,l,a,:, ,D,e,a,d, ,a,n,d, ,L,o,v,i,n,g, ,I,t, ,(,1,9,9,5,), ,5,.,9
D,r,u,n,k,s, ,(,1,9,9,5,), ,6,.,3
D,u,o,l,u,o, ,t,i,a,n,s,h,i, ,(,1,9,9,5,), ,7,.,7
F,a,r, ,F,r,o,m, ,H,o,m,e,:, ,T,h,e, ,A,d,v,e,n,t,u,r,e,s, ,o,f, ,Y,e,l,l,o,w, ,D,o,g, ,(,1,9,9,5,), ,6,.,4
F,a,r,m,e,r, ,&, ,C,h,a,s,e, ,(,1,9,9,5,), ,5,.,0
F,a,t,h,e,r, ,o,f, ,t,h,e, ,B,r,i,d,e, ,P,a,r,t, ,I,I, ,(,1,9,9,5,), ,6,.,1
F,e,a,s,t, ,o,f, ,J,u,l,y, ,(,1,9,9,5,), ,6,.,1
F,i,r,e,s,t,o,r,m, ,(,1,9,9,8,), ,3,.,3
F,i,r,s,t, ,K,n,i,g,h,t, ,(,1,9,9,5,), ,6,.,0
F,l,u,k,e, ,(,1,9,9,5,), ,6,.,7
F,o,r,g,e,t, ,P,a,r,i,s, ,(,1,9,9,5,), ,6,.,5
F,o,u,r, ,R,o,o,m,s, ,(,1,9,9,5,), ,6,.,8
F,r,e,e, ,W,i,l,l,y, ,2,:, ,T,h,e, ,A,d,v,e,n,t,u,r,e, ,H,o,m,e, ,(,1,9,9,5,), ,5,.,1
F,r,i,d,a,y, ,(,1,9,9,5,), ,7,.,3
F,r,i,s,k, ,(,1,9,9,5,), ,5,.,0
G,e,t, ,S,h,o,r,t,y, ,(,1,9,9,5,), ,6,.,9
G,i,r,l, ,i,n, ,t,h,e, ,C,a,d,i,l,l,a,c, ,(,1,9,9,5,), ,5,.,9
G,o,l,d, ,D,i,g,g,e,r,s,:, ,T,h,e, ,S,e,c,r,e,t, ,o,f, ,B,e,a,r, ,M,o,u,n,t,a,i,n, ,(,1,9,9,5,), ,6,.,0
G,o,l,d,e,n,E,y,e, ,(,1,9,9,5,), ,7,.,2
G,o,r,d,y, ,(,1,9,9,5,), ,3,.,8
G,r,u,m,p,i,e,r, ,O,l,d, ,M,e,n, ,(,1,9,9,5,), ,6,.,7
G,u,m,b,y,:, ,T,h,e, ,M,o,v,i,e, ,(,1,9,9,5,), ,6,.,3
H,a,c,k,e,r,s, ,(,1,9,9,5,), ,6,.,3
H,a,l,l,o,w,e,e,n,:, ,T,h,e, ,C,u,r,s,e, ,o,f, ,M,i,c,h,a,e,l, ,M,y,e,r,s, ,(,1,9,9,5,), ,4,.,8
H,e,a,v,y, ,(,1,9,9,5,), ,6,.,8
H,i,g,h,e,r, ,L,e,a,r,n,i,n,g, ,(,1,9,9,5,), ,6,.,5
H,o,m,a,g,e, ,(,1,9,9,5,), ,5,.,7
R,u,m,b,l,e, ,i,n, ,t,h,e, ,B,r,o,n,x, ,(,1,9,9,5,), ,6,.,8
H,o,w, ,t,o, ,M,a,k,e, ,a,n, ,A,m,e,r,i,c,a,n, ,Q,u,i,l,t, ,(,1,9,9,5,), ,6,.,3
I,n, ,t,h,e, ,M,o,u,t,h, ,o,f, ,M,a,d,n,e,s,s, ,(,1,9,9,5,), ,7,.,2
I,t,',s, ,M,y, ,P,a,r,t,y, ,(,1,9,9,5,), ,7,.,2
J,a,d,e, ,(,1,9,9,5,), ,5,.,3
J,e,f,f,e,r,s,o,n, ,i,n, ,P,a,r,i,s, ,(,1,9,9,5,), ,5,.,8
J,e,f,f,r,e,y, ,(,1,9,9,5,), ,6,.,8
J,o,h,n,n,y, ,M,n,e,m,o,n,i,c, ,(,1,9,9,5,), ,5,.,7
J,u,d,g,e, ,D,r,e,d,d, ,(,1,9,9,5,), ,5,.,6
J,u,m,a,n,j,i, ,(,1,9,9,5,), ,7,.,0
J,u,r,y, ,D,u,t,y, ,(,1,9,9,5,), ,4,.,4
J,u,s,t, ,C,a,u,s,e, ,(,1,9,9,5,), ,6,.,4
K,i,c,k,i,n,g, ,a,n,d, ,S,c,r,e,a,m,i,n,g, ,(,1,9,9,5,), ,6,.,8
K,i,l,l,e,r,:, ,A, ,J,o,u,r,n,a,l, ,o,f, ,M,u,r,d,e,r, ,(,1,9,9,5,), ,6,.,3
L,a,s,t, ,S,u,m,m,e,r, ,i,n, ,t,h,e, ,H,a,m,p,t,o,n,s, ,(,1,9,9,5,), ,5,.,6
L,e,a,v,i,n,g, ,L,a,s, ,V,e,g,a,s, ,(,1,9,9,5,), ,7,.,5
L,i,v,e, ,N,u,d,e, ,G,i,r,l,s, ,(,1,9,9,5,), ,5,.,2
L,i,v,i,n,g, ,i,n, ,O,b,l,i,v,i,o,n, ,(,1,9,9,5,), ,7,.,5
L,o,c,h, ,N,e,s,s, ,(,1,9,9,5,), ,5,.,5
L,o,r,d, ,o,f, ,I,l,l,u,s,i,o,n,s, ,(,1,9,9,5,), ,6,.,1
L,o,s,i,n,g, ,I,s,a,i,a,h, ,(,1,9,9,5,), ,6,.,5
L,o,t,t,o, ,L,a,n,d, ,(,1,9,9,5,), ,6,.,7
M,a,l,l,r,a,t,s, ,(,1,9,9,5,), ,7,.,1
M,a,n, ,o,f, ,t,h,e, ,H,o,u,s,e, ,(,1,9,9,5,), ,5,.,2
M,a,n, ,o,f, ,t,h,e, ,Y,e,a,r, ,(,1,9,9,5,), ,5,.,8
M,a,r,g,a,r,e,t,',s, ,M,u,s,e,u,m, ,(,1,9,9,5,), ,7,.,1
M,i,a,m,i, ,R,h,a,p,s,o,d,y, ,(,1,9,9,5,), ,5,.,3
M,i,g,h,t,y, ,A,p,h,r,o,d,i,t,e, ,(,1,9,9,5,), ,7,.,0
M,i,g,h,t,y, ,M,o,r,p,h,i,n, ,P,o,w,e,r, ,R,a,n,g,e,r,s,:, ,T,h,e, ,M,o,v,i,e, ,(,1,9,9,5,), ,5,.,2
M,o,n,e,y, ,T,r,a,i,n, ,(,1,9,9,5,), ,5,.,7
M,o,o,n,l,i,g,h,t, ,a,n,d, ,V,a,l,e,n,t,i,n,o, ,(,1,9,9,5,), ,5,.,7
M,o,r,t,a,l, ,K,o,m,b,a,t, ,(,1,9,9,5,), ,5,.,8
M,r,., ,H,o,l,l,a,n,d,',s, ,O,p,u,s, ,(,1,9,9,5,), ,7,.,3
M,u,r,d,e,r, ,i,n, ,t,h,e, ,F,i,r,s,t, ,(,1,9,9,5,), ,7,.,3
M,y, ,F,a,m,i,l,y, ,(,1,9,9,5,), ,7,.,3
N,a,t,i,o,n,a,l, ,L,a,m,p,o,o,n,',s, ,S,e,n,i,o,r, ,T,r,i,p, ,(,1,9,9,5,), ,5,.,8
N,e,l,l,y, ,&, ,M,o,n,s,i,e,u,r, ,A,r,n,a,u,d, ,(,1,9,9,5,), ,7,.,3
N,e,m,e,s,i,s, ,2,:, ,N,e,b,u,l,a, ,(,1,9,9,5,), ,3,.,9
N,e,w, ,J,e,r,s,e,y, ,D,r,i,v,e, ,(,1,9,9,5,), ,6,.,7
N,i,c,k, ,o,f, ,T,i,m,e, ,(,1,9,9,5,), ,6,.,3
N,i,n,e, ,M,o,n,t,h,s, ,(,1,9,9,5,), ,5,.,5
N,i,x,o,n, ,(,1,9,9,5,), ,7,.,1
N,o,w, ,a,n,d, ,T,h,e,n, ,(,1,9,9,5,), ,6,.,8
O,n,c,e, ,U,p,o,n, ,a, ,T,i,m,e,.,.,., ,W,h,e,n, ,W,e, ,W,e,r,e, ,C,o,l,o,r,e,d, ,(,1,9,9,5,), ,7,.,1
O,p,e,r,a,t,i,o,n, ,D,u,m,b,o, ,D,r,o,p, ,(,1,9,9,5,), ,5,.,1
P,a,n,t,h,e,r, ,(,1,9,9,5,), ,6,.,5
P,a,r,i,s, ,W,a,s, ,a, ,W,o,m,a,n, ,(,1,9,9,5,), ,7,.,4
P,h,a,r,a,o,h,',s, ,A,r,m,y, ,(,1,9,9,5,), ,6,.,7
P,i,c,t,u,r,e, ,B,r,i,d,e, ,(,1,9,9,5,), ,6,.,6
P,i,c,t,u,r,e, ,P,e,r,f,e,c,t, ,(,1,9,9,7,), ,7,.,4
P,o,c,a,h,o,n,t,a,s, ,(,1,9,9,5,), ,6,.,7
P,o,i,s,o,n, ,I,v,y, ,I,I, ,(,1,9,9,5,), ,4,.,5
P,o,w,e,r, ,9,8, ,(,1,9,9,5,), ,4,.,6
R,e,n,t,-,a,-,K,i,d, ,(,1,9,9,5,), ,5,.,5
R,e,s,t,o,r,a,t,i,o,n, ,(,1,9,9,5,), ,6,.,6
R,o,b, ,R,o,y, ,(,1,9,9,5,), ,6,.,9
R,o,u,g,h, ,M,a,g,i,c, ,(,1,9,9,5,), ,5,.,5
S,a,f,e, ,(,1,9,9,5,), ,7,.,2
S,h,o,w,g,i,r,l,s, ,(,1,9,9,5,), ,4,.,9
S,l,e,e,p,o,v,e,r, ,(,1,9,9,5,), ,5,.,2
S,o,m,e,t,h,i,n,g, ,t,o, ,T,a,l,k, ,A,b,o,u,t, ,(,1,9,9,5,), ,5,.,7
S,p,e,c,i,e,s, ,(,1,9,9,5,), ,5,.,8
S,t,o,n,e,w,a,l,l, ,(,1,9,9,5,), ,6,.,8
S,t,r,a,n,g,e, ,D,a,y,s, ,(,1,9,9,5,), ,7,.,2
S,t,u,a,r,t, ,S,a,v,e,s, ,H,i,s, ,F,a,m,i,l,y, ,(,1,9,9,5,), ,5,.,2
S,w,e,e,t, ,N,o,t,h,i,n,g, ,(,1,9,9,5,), ,5,.,9
S,w,i,m,m,i,n,g, ,w,i,t,h, ,S,h,a,r,k,s, ,(,1,9,9,5,), ,7,.,1
T,a,l,e,s, ,F,r,o,m, ,t,h,e, ,C,r,y,p,t, ,P,r,e,s,e,n,t,s,:, ,D,e,m,o,n, ,K,n,i,g,h,t, ,(,1,9,9,5,), ,6,.,7
T,a,l,e,s, ,f,r,o,m, ,t,h,e, ,H,o,o,d, ,(,1,9,9,5,), ,6,.,4
T,a,n,k, ,G,i,r,l, ,(,1,9,9,5,), ,5,.,4
T,h,e,o,d,o,r,e, ,R,e,x, ,(,1,9,9,5,), ,2,.,4
T,h,i,n,g,s, ,t,o, ,D,o, ,i,n, ,D,e,n,v,e,r, ,w,h,e,n, ,Y,o,u,',r,e, ,D,e,a,d, ,(,1,9,9,5,), ,6,.,8
T,h,r,e,e, ,W,i,s,h,e,s, ,(,1,9,9,5,), ,6,.,1
T,o,m,m,y, ,B,o,y, ,(,1,9,9,5,), ,7,.,1
T,o,t,a,l, ,E,c,l,i,p,s,e, ,(,1,9,9,5,), ,6,.,6
T,o,u,g,h, ,a,n,d, ,D,e,a,d,l,y, ,(,1,9,9,5,), ,5,.,9
T,o,y, ,S,t,o,r,y, ,(,1,9,9,5,), ,8,.,3
T,r,u,e, ,C,r,i,m,e, ,(,1,9,9,5,), ,5,.,4
T,w,e,l,v,e, ,M,o,n,k,e,y,s, ,(,1,9,9,5,), ,8,.,0
U,n,d,e,r, ,S,i,e,g,e, ,2,:, ,D,a,r,k, ,T,e,r,r,i,t,o,r,y, ,(,1,9,9,5,), ,5,.,5
U,n,s,t,r,u,n,g, ,H,e,r,o,e,s, ,(,1,9,9,5,), ,6,.,7
U,n,z,i,p,p,e,d, ,(,1,9,9,5,), ,6,.,5
V,a,m,p,i,r,e, ,i,n, ,B,r,o,o,k,l,y,n, ,(,1,9,9,5,), ,4,.,6
V,i,l,l,a,g,e, ,o,f, ,t,h,e, ,D,a,m,n,e,d, ,(,1,9,9,5,), ,5,.,7
V,i,r,t,u,o,s,i,t,y, ,(,1,9,9,5,), ,5,.,6
W,a,i,t,i,n,g, ,t,o, ,E,x,h,a,l,e, ,(,1,9,9,5,), ,5,.,9
W,a,t,e,r,w,o,r,l,d, ,(,1,9,9,5,), ,6,.,2
W,e,l,c,o,m,e, ,t,o, ,t,h,e, ,D,o,l,l,h,o,u,s,e, ,(,1,9,9,5,), ,7,.,4
W,h,e,n, ,N,i,g,h,t, ,I,s, ,F,a,l,l,i,n,g, ,(,1,9,9,5,), ,6,.,5
W,h,i,l,e, ,Y,o,u, ,W,e,r,e, ,S,l,e,e,p,i,n,g, ,(,1,9,9,5,), ,6,.,7
W,i,l,d, ,B,i,l,l, ,(,1,9,9,5,), ,5,.,9
W,i,n,g,s, ,o,f, ,C,o,u,r,a,g,e, ,(,1,9,9,5,), ,6,.,4
2, ,D,a,y,s, ,i,n, ,t,h,e, ,V,a,l,l,e,y, ,(,1,9,9,6,), ,6,.,5
A,l,a,d,d,i,n, ,a,n,d, ,t,h,e, ,K,i,n,g, ,o,f, ,T,h,i,e,v,e,s, ,(,1,9,9,6,), ,6,.,4
A,l,b,i,n,o, ,A,l,l,i,g,a,t,o,r, ,(,1,9,9,6,), ,6,.,1
A,l,l, ,D,o,g,s, ,G,o, ,t,o, ,H,e,a,v,e,n, ,2, ,(,1,9,9,6,), ,5,.,5
A,m,e,r,i,c,a,n, ,B,u,f,f,a,l,o, ,(,1,9,9,6,), ,5,.,8
A,m,e,r,i,c,a,n, ,S,t,r,a,y,s, ,(,1,9,9,6,), ,5,.,2
B,a,d, ,M,o,o,n, ,(,1,9,9,6,), ,5,.,9
B,a,s,q,u,i,a,t, ,(,1,9,9,6,), ,6,.,9
B,a,s,t,a,r,d, ,O,u,t, ,o,f, ,C,a,r,o,l,i,n,a, ,(,1,9,9,6,), ,7,.,4
B,e,a,u,t,i,f,u,l, ,T,h,i,n,g, ,(,1,9,9,6,), ,7,.,5
B,e,a,v,i,s, ,a,n,d, ,B,u,t,t,-,h,e,a,d, ,D,o, ,A,m,e,r,i,c,a, ,(,1,9,9,6,), ,6,.,8
B,i,g, ,B,u,l,l,y, ,(,1,9,9,6,), ,4,.,7
B,i,g, ,N,i,g,h,t, ,(,1,9,9,6,), ,7,.,3
B,i,o,-,D,o,m,e, ,(,1,9,9,6,), ,4,.,5
B,o,g,u,s, ,(,1,9,9,6,), ,5,.,4
B,o,u,n,d, ,(,1,9,9,6,), ,7,.,3
B,o,y,s, ,(,1,9,9,6,), ,5,.,0
B,r,e,a,k,i,n,g, ,t,h,e, ,W,a,v,e,s, ,(,1,9,9,6,), ,7,.,8
B,r,o,k,e,n, ,E,n,g,l,i,s,h, ,(,1,9,9,6,), ,6,.,2
C,a,r,r,i,e,d, ,A,w,a,y, ,(,1,9,9,6,), ,6,.,2
C,e,l,t,i,c, ,P,r,i,d,e, ,(,1,9,9,6,), ,5,.,3
C,h,i,l,d,r,e,n, ,o,f, ,t,h,e, ,C,o,r,n,:, ,T,h,e, ,G,a,t,h,e,r,i,n,g, ,(,1,9,9,6,), ,4,.,2
C,h,i,l,d,r,e,n, ,o,f, ,t,h,e, ,R,e,v,o,l,u,t,i,o,n, ,(,1,9,9,6,), ,6,.,3
C,i,t,i,z,e,n, ,R,u,t,h, ,(,1,9,9,6,), ,7,.,0
C,o,m,m,a,n,d,m,e,n,t,s, ,(,1,9,9,7,), ,5,.,5
C,o,s,i, ,(,1,9,9,6,), ,6,.,6
C,o,u,r,a,g,e, ,U,n,d,e,r, ,F,i,r,e, ,(,1,9,9,6,), ,6,.,6
D,3,:, ,T,h,e, ,M,i,g,h,t,y, ,D,u,c,k,s, ,(,1,9,9,6,), ,5,.,5
D,a,y,l,i,g,h,t, ,(,1,9,9,6,), ,5,.,9
D,e,a,r, ,G,o,d, ,(,1,9,9,6,), ,5,.,5
D,o,n,',t, ,B,e, ,a, ,M,e,n,a,c,e, ,t,o, ,S,o,u,t,h, ,C,e,n,t,r,a,l, ,W,h,i,l,e, ,D,r,i,n,k,i,n,g, ,Y,o,u,r, ,J,u,i,c,e, ,i,n, ,t,h,e, ,H,o,o,d, ,(,1,9,9,6,), ,6,.,6
D,r,a,g,o,n,h,e,a,r,t, ,(,1,9,9,6,), ,6,.,5
D,u,n,s,t,o,n, ,C,h,e,c,k,s, ,I,n, ,(,1,9,9,6,), ,5,.,4
E,d, ,(,1,9,9,6,), ,2,.,7
E,d,',s, ,N,e,x,t, ,M,o,v,e, ,(,1,9,9,6,), ,6,.,2
E,d,d,i,e, ,(,1,9,9,6,), ,5,.,2
E,n,t,e,r,t,a,i,n,i,n,g, ,A,n,g,e,l,s,:, ,T,h,e, ,D,o,r,o,t,h,y, ,D,a,y, ,S,t,o,r,y, ,(,1,9,9,6,), ,6,.,2
E,r,a,s,e,r, ,(,1,9,9,6,), ,6,.,1
E,s,c,a,p,e, ,f,r,o,m, ,L,.,A,., ,(,1,9,9,6,), ,5,.,8
E,v,e,r,y,o,n,e, ,S,a,y,s, ,I, ,L,o,v,e, ,Y,o,u, ,(,1,9,9,6,), ,6,.,7
E,v,i,t,a, ,(,1,9,9,6,), ,6,.,3
E,x,e,c,u,t,i,v,e, ,D,e,c,i,s,i,o,n, ,(,1,9,9,6,), ,6,.,4
E,x,t,r,e,m,e, ,M,e,a,s,u,r,e,s, ,(,1,9,9,6,), ,6,.,2
E,y,e, ,f,o,r, ,a,n, ,E,y,e, ,(,1,9,9,6,), ,6,.,2
F,e,e,l,i,n,g, ,M,i,n,n,e,s,o,t,a, ,(,1,9,9,6,), ,5,.,4
F,e,m,a,l,e, ,P,e,r,v,e,r,s,i,o,n,s, ,(,1,9,9,6,), ,5,.,4
F,i,r,s,t, ,K,i,d, ,(,1,9,9,6,), ,5,.,3
F,l,e,d, ,(,1,9,9,6,), ,5,.,4
F,l,i,r,t,i,n,g, ,W,i,t,h, ,D,i,s,a,s,t,e,r, ,(,1,9,9,6,), ,6,.,7
F,o,r, ,E,v,e,r, ,M,o,z,a,r,t, ,(,1,9,9,6,), ,6,.,3
F,r,o,m, ,D,u,s,k, ,T,i,l,l, ,D,a,w,n, ,(,1,9,9,6,), ,7,.,2
G,e,t, ,o,n, ,t,h,e, ,B,u,s, ,(,1,9,9,6,), ,6,.,8
G,h,o,s,t,s, ,o,f, ,M,i,s,s,i,s,s,i,p,p,i, ,(,1,9,9,6,), ,6,.,7
G,i,r,l, ,6, ,(,1,9,9,6,), ,5,.,2
G,r,a,c,e, ,o,f, ,M,y, ,H,e,a,r,t, ,(,1,9,9,6,), ,6,.,7
H,a,p,p,y, ,G,i,l,m,o,r,e, ,(,1,9,9,6,), ,7,.,0
H,a,r,r,i,e,t, ,t,h,e, ,S,p,y, ,(,1,9,9,6,), ,5,.,9
H,e,a,v,e,n,',s, ,P,r,i,s,o,n,e,r,s, ,(,1,9,9,6,), ,5,.,8
H,e,l,l,r,a,i,s,e,r,:, ,B,l,o,o,d,l,i,n,e, ,(,1,9,9,6,), ,5,.,2
H,i,g,h, ,S,c,h,o,o,l, ,H,i,g,h, ,(,1,9,9,6,), ,5,.,6
H,o,m,e,w,a,r,d, ,B,o,u,n,d, ,I,I,:, ,L,o,s,t, ,i,n, ,S,a,n, ,F,r,a,n,c,i,s,c,o, ,(,1,9,9,6,), ,6,.,0
H,o,u,s,e, ,A,r,r,e,s,t, ,(,1,9,9,6,), ,5,.,9
I, ,S,h,o,t, ,A,n,d,y, ,W,a,r,h,o,l, ,(,1,9,9,6,), ,6,.,6
I,',m, ,N,o,t, ,R,a,p,p,a,p,o,r,t, ,(,1,9,9,6,), ,6,.,5
I,f, ,L,u,c,y, ,F,e,l,l, ,(,1,9,9,6,), ,4,.,9
J,a,c,k, ,(,1,9,9,6,), ,5,.,8
J,a,m,e,s, ,a,n,d, ,t,h,e, ,G,i,a,n,t, ,P,e,a,c,h, ,(,1,9,9,6,), ,6,.,7
J,e,r,r,y, ,M,a,g,u,i,r,e, ,(,1,9,9,6,), ,7,.,3
J,a,c,k,i,e, ,C,h,a,n,',s, ,F,i,r,s,t, ,S,t,r,i,k,e, ,(,1,9,9,6,), ,6,.,6
J,i,n,g,l,e, ,A,l,l, ,t,h,e, ,W,a,y, ,(,1,9,9,6,), ,5,.,6
J,o,e,',s, ,A,p,a,r,t,m,e,n,t, ,(,1,9,9,6,), ,5,.,5
J,o,h,n,s, ,(,1,9,9,6,), ,6,.,4
J,u,d,e, ,(,1,9,9,6,), ,6,.,9
K,a,m,a, ,S,u,t,r,a,:, ,A, ,T,a,l,e, ,o,f, ,L,o,v,e, ,(,1,9,9,6,), ,6,.,0
K,a,n,s,a,s, ,C,i,t,y, ,(,1,9,9,6,), ,6,.,4
K,a,z,a,a,m, ,(,1,9,9,6,), ,3,.,0
K,e,y,s, ,t,o, ,T,u,l,s,a, ,(,1,9,9,7,), ,5,.,2
K,i,n,g,p,i,n, ,(,1,9,9,6,), ,6,.,9
K,o,l,y,a, ,(,1,9,9,6,), ,7,.,8
L,a,s,t, ,M,a,n, ,S,t,a,n,d,i,n,g, ,(,1,9,9,6,), ,6,.,4
L,a,t,e, ,B,l,o,o,m,e,r,s, ,(,1,9,9,6,), ,5,.,9
L,a,w,n,m,o,w,e,r, ,M,a,n, ,2,:, ,B,e,y,o,n,d, ,C,y,b,e,r,s,p,a,c,e, ,(,1,9,9,6,), ,2,.,5
L,o,o,k,i,n,g, ,f,o,r, ,R,i,c,h,a,r,d, ,(,1,9,9,6,), ,7,.,3
L,o,s,i,n,g, ,C,h,a,s,e, ,(,1,9,9,6,), ,6,.,6
L,o,s,t, ,H,i,g,h,w,a,y, ,(,1,9,9,7,), ,7,.,6
L,o,v,e, ,I,s, ,A,l,l, ,T,h,e,r,e, ,I,s, ,(,1,9,9,6,), ,5,.,1
L,o,v,e,r,',s, ,K,n,o,t, ,(,1,9,9,6,), ,4,.,7
M,U,R,D,E,R, ,a,n,d, ,m,u,r,d,e,r, ,(,1,9,9,6,), ,6,.,9
M,a,d, ,D,o,g, ,T,i,m,e, ,(,1,9,9,6,), ,5,.,5
M,a,n,n,y, ,&, ,L,o, ,(,1,9,9,6,), ,6,.,5
M,a,r,s, ,A,t,t,a,c,k,s,!, ,(,1,9,9,6,), ,6,.,3
M,a,r,v,i,n,',s, ,R,o,o,m, ,(,1,9,9,6,), ,6,.,7
M,a,r,y, ,R,e,i,l,l,y, ,(,1,9,9,6,), ,5,.,8
M,a,x,i,m,u,m, ,R,i,s,k, ,(,1,9,9,6,), ,5,.,5
M,i,c,h,a,e,l, ,C,o,l,l,i,n,s, ,(,1,9,9,6,), ,7,.,2
M,o,l,l, ,F,l,a,n,d,e,r,s, ,(,1,9,9,6,), ,6,.,5
M,o,t,h,e,r, ,N,i,g,h,t, ,(,1,9,9,6,), ,7,.,1
M,r,., ,W,r,o,n,g, ,(,1,9,9,6,), ,3,.,9
M,r,s,., ,W,i,n,t,e,r,b,o,u,r,n,e, ,(,1,9,9,6,), ,6,.,2
M,u,l,h,o,l,l,a,n,d, ,F,a,l,l,s, ,(,1,9,9,6,), ,6,.,3
M,u,l,t,i,p,l,i,c,i,t,y, ,(,1,9,9,6,), ,6,.,1
M,u,p,p,e,t, ,T,r,e,a,s,u,r,e, ,I,s,l,a,n,d, ,(,1,9,9,6,), ,7,.,0
M,y, ,F,e,l,l,o,w, ,A,m,e,r,i,c,a,n,s, ,(,1,9,9,6,), ,6,.,5
M,y,s,t,e,r,y, ,S,c,i,e,n,c,e, ,T,h,e,a,t,e,r, ,3,0,0,0,:, ,T,h,e, ,M,o,v,i,e, ,(,1,9,9,6,), ,7,.,3
N,e,w, ,Y,o,r,k, ,C,o,p, ,(,1,9,9,6,), ,4,.,2
O,n,e, ,F,i,n,e, ,D,a,y, ,(,1,9,9,6,), ,6,.,5
O,r,i,g,i,n,a,l, ,G,a,n,g,s,t,a,s, ,(,1,9,9,6,), ,5,.,7
P,a,l,o,o,k,a,v,i,l,l,e, ,(,1,9,9,6,), ,6,.,5
P,a,r,a,d,i,s,e, ,L,o,s,t,:, ,T,h,e, ,C,h,i,l,d, ,M,u,r,d,e,r,s, ,a,t, ,R,o,b,i,n, ,H,o,o,d, ,H,i,l,l,s, ,(,1,9,9,6,), ,8,.,3
P,h,a,t, ,B,e,a,c,h, ,(,1,9,9,6,), ,4,.,0
P,h,e,n,o,m,e,n,o,n, ,(,1,9,9,6,), ,6,.,4
P,o,n,e,t,t,e, ,(,1,9,9,6,), ,7,.,5
P,r,i,m,a,l, ,F,e,a,r, ,(,1,9,9,6,), ,7,.,7
R,a,c,e, ,t,h,e, ,S,u,n, ,(,1,9,9,6,), ,5,.,4
R,i,p,e, ,(,1,9,9,6,), ,4,.,6
D,a,n,i,e,l, ,D,e,f,o,e,',s, ,R,o,b,i,n,s,o,n, ,C,r,u,s,o,e, ,(,1,9,9,6,), ,6,.,0
S,a,n,t,a, ,w,i,t,h, ,M,u,s,c,l,e,s, ,(,1,9,9,6,), ,2,.,6
S,c,h,i,z,o,p,o,l,i,s, ,(,1,9,9,6,), ,6,.,9
S,e,c,r,e,t,s, ,&, ,L,i,e,s, ,(,1,9,9,6,), ,8,.,0
S,e,t, ,I,t, ,O,f,f, ,(,1,9,9,6,), ,6,.,9
S,g,t,., ,B,i,l,k,o, ,(,1,9,9,6,), ,5,.,9
S,h,a,l,l, ,W,e, ,D,a,n,c,e,?, ,(,1,9,3,7,), ,7,.,6
S,h,e,',s, ,t,h,e, ,O,n,e, ,(,1,9,9,6,), ,6,.,0
S,l,e,e,p,e,r,s, ,(,1,9,9,6,), ,7,.,6
S,l,i,n,g, ,B,l,a,d,e, ,(,1,9,9,6,), ,8,.,0
S,p,a,c,e, ,J,a,m, ,(,1,9,9,6,), ,6,.,4
S,p,y, ,H,a,r,d, ,(,1,9,9,6,), ,5,.,4
S,q,u,e,e,z,e, ,(,1,9,9,6,), ,6,.,1
S,t,a,r, ,T,r,e,k,:, ,F,i,r,s,t, ,C,o,n,t,a,c,t, ,(,1,9,9,6,), ,7,.,6
S,t,r,i,p,t,e,a,s,e, ,(,1,9,9,6,), ,4,.,5
S,u,d,d,e,n, ,M,a,n,h,a,t,t,a,n, ,(,1,9,9,6,), ,6,.,2
S,u,n,s,e,t, ,P,a,r,k, ,(,1,9,9,6,), ,6,.,0
S,u,r,v,i,v,i,n,g, ,P,i,c,a,s,s,o, ,(,1,9,9,6,), ,6,.,4
S,w,i,n,g,e,r,s, ,(,1,9,9,6,), ,7,.,2
T,a,l,e,s, ,f,r,o,m, ,t,h,e, ,C,r,y,p,t, ,P,r,e,s,e,n,t,s,:, ,B,o,r,d,e,l,l,o, ,o,f, ,B,l,o,o,d, ,(,1,9,9,6,), ,5,.,4
T,h,a,t, ,T,h,i,n,g, ,Y,o,u, ,D,o,!, ,(,1,9,9,6,), ,6,.,9
T,h,i,n,n,e,r, ,(,1,9,9,6,), ,5,.,8
T,i,n, ,C,u,p, ,(,1,9,9,6,), ,6,.,4
T,o, ,G,i,l,l,i,a,n, ,o,n, ,H,e,r, ,3,7,t,h, ,B,i,r,t,h,d,a,y, ,(,1,9,9,6,), ,5,.,7
T,r,a,i,n,s,p,o,t,t,i,n,g, ,(,1,9,9,6,), ,8,.,1
T,r,e,e,s, ,L,o,u,n,g,e, ,(,1,9,9,6,), ,7,.,1
T,h,r,e,e, ,L,i,v,e,s, ,a,n,d, ,O,n,l,y, ,O,n,e, ,D,e,a,t,h, ,(,1,9,9,6,), ,6,.,9
T,w,e,l,f,t,h, ,N,i,g,h,t, ,(,1,9,9,6,), ,7,.,2
T,w,o, ,M,u,c,h, ,(,1,9,9,6,), ,5,.,4
U,n,f,o,r,g,e,t,t,a,b,l,e, ,(,1,9,9,6,), ,6,.,0
W,a,i,t,i,n,g, ,f,o,r, ,G,u,f,f,m,a,n, ,(,1,9,9,6,), ,7,.,5
W,a,l,k,i,n,g, ,a,n,d, ,T,a,l,k,i,n,g, ,(,1,9,9,6,), ,6,.,7
W,e,d,d,i,n,g, ,B,e,l,l, ,B,l,u,e,s, ,(,1,9,9,6,), ,5,.,1
W,h,e,n, ,W,e, ,W,e,r,e, ,K,i,n,g,s, ,(,1,9,9,6,), ,8,.,0
W,h,i,t,e, ,S,q,u,a,l,l, ,(,1,9,9,6,), ,6,.,6
',T,i,l, ,T,h,e,r,e, ,W,a,s, ,Y,o,u, ,(,1,9,9,7,), ,4,.,9
1,8,7, ,(,1,9,9,7,), ,6,.,7
3, ,N,i,n,j,a,s,:, ,H,i,g,h, ,N,o,o,n, ,A,t, ,M,e,g,a, ,M,o,u,n,t,a,i,n, ,(,1,9,9,8,), ,2,.,9
8, ,H,e,a,d,s, ,i,n, ,a, ,D,u,f,f,e,l, ,B,a,g, ,(,1,9,9,7,), ,5,.,4
A,b,s,o,l,u,t,e, ,P,o,w,e,r, ,(,1,9,9,7,), ,6,.,7
A,d,d,i,c,t,e,d, ,t,o, ,L,o,v,e, ,(,1,9,9,7,), ,6,.,1
A,f,t,e,r,g,l,o,w, ,(,1,9,9,7,), ,6,.,1
A,i,r, ,B,u,d, ,(,1,9,9,7,), ,5,.,2
A,i,r, ,F,o,r,c,e, ,O,n,e, ,(,1,9,9,7,), ,6,.,5
A,l,i,e,n,:, ,R,e,s,u,r,r,e,c,t,i,o,n, ,(,1,9,9,7,), ,6,.,2
A,m,i,s,t,a,d, ,(,1,9,9,7,), ,7,.,3
A,n,a,c,o,n,d,a, ,(,1,9,9,7,), ,4,.,8
A,p,t, ,P,u,p,i,l, ,(,1,9,9,8,), ,6,.,7
A,u,s,t,i,n, ,P,o,w,e,r,s,:, ,I,n,t,e,r,n,a,t,i,o,n,a,l, ,M,a,n, ,o,f, ,M,y,s,t,e,r,y, ,(,1,9,9,7,), ,7,.,0
A,y,n, ,R,a,n,d,:, ,A, ,S,e,n,s,e, ,o,f, ,L,i,f,e, ,(,1,9,9,7,), ,6,.,5
B,*,A,*,P,*,S, ,(,1,9,9,7,), ,4,.,7
B,a,t,m,a,n, ,&, ,R,o,b,i,n, ,(,1,9,9,7,), ,3,.,8
B,e,n,t, ,(,1,9,9,7,), ,7,.,2
B,e,s,t, ,M,e,n, ,(,1,9,9,7,), ,5,.,6
B,e,v,e,r,l,y, ,H,i,l,l,s, ,N,i,n,j,a, ,(,1,9,9,7,), ,5,.,6
B,l,u,e,s, ,B,r,o,t,h,e,r,s, ,2,0,0,0, ,(,1,9,9,8,), ,4,.,9
B,o,o,g,i,e, ,N,i,g,h,t,s, ,(,1,9,9,7,), ,7,.,9
B,o,o,t,y, ,C,a,l,l, ,(,1,9,9,7,), ,5,.,4
B,u,d,d,y, ,(,1,9,9,7,), ,4,.,9
C,a,r,e,e,r, ,G,i,r,l,s, ,(,1,9,9,7,), ,7,.,1
C,a,t,s, ,D,o,n,',t, ,D,a,n,c,e, ,(,1,9,9,7,), ,6,.,9
C,h,a,i,r,m,a,n, ,o,f, ,t,h,e, ,B,o,a,r,d, ,(,1,9,9,8,), ,2,.,3
C,h,a,s,i,n,g, ,A,m,y, ,(,1,9,9,7,), ,7,.,2
C,i,t,y, ,o,f, ,I,n,d,u,s,t,r,y, ,(,1,9,9,7,), ,6,.,1
C,o,n, ,A,i,r, ,(,1,9,9,7,), ,6,.,9
C,o,n,s,p,i,r,a,c,y, ,T,h,e,o,r,y, ,(,1,9,9,7,), ,6,.,7
C,o,p, ,L,a,n,d, ,(,1,9,9,7,), ,6,.,9
D,a,n,g,e,r,o,u,s, ,B,e,a,u,t,y, ,(,1,9,9,8,), ,7,.,2
G,a,n,g, ,R,e,l,a,t,e,d, ,(,1,9,9,7,), ,6,.,5
C,r,i,t,i,c,a,l, ,C,a,r,e, ,(,1,9,9,7,), ,5,.,9
D,a,n,g,e,r,o,u,s, ,G,r,o,u,n,d, ,(,1,9,9,7,), ,4,.,5
D,a,n,t,e,',s, ,P,e,a,k, ,(,1,9,9,7,), ,6,.,0
D,e,c,o,n,s,t,r,u,c,t,i,n,g, ,H,a,r,r,y, ,(,1,9,9,7,), ,7,.,4
D,e,e,p, ,R,i,s,i,n,g, ,(,1,9,9,8,), ,6,.,1
D,o,n,n,i,e, ,B,r,a,s,c,o, ,(,1,9,9,7,), ,7,.,7
D,o,u,b,l,e, ,T,e,a,m, ,(,1,9,9,7,), ,4,.,8
D,r,e,a,m, ,W,i,t,h, ,t,h,e, ,F,i,s,h,e,s, ,(,1,9,9,7,), ,7,.,1
E,v,e,',s, ,B,a,y,o,u, ,(,1,9,9,7,), ,7,.,3
F,a,c,e,/,O,f,f, ,(,1,9,9,7,), ,7,.,2
F,a,l,l, ,(,1,9,9,7,), ,6,.,0
F,a,l,l,e,n, ,(,1,9,9,8,), ,7,.,0
F,a,s,t,",", ,C,h,e,a,p, ,&, ,O,u,t, ,o,f, ,C,o,n,t,r,o,l, ,(,1,9,9,7,), ,7,.,2
F,l,u,b,b,e,r, ,(,1,9,9,7,), ,5,.,3
F,o,o,l,s, ,R,u,s,h, ,I,n, ,(,1,9,9,7,), ,6,.,1
F,o,r, ,R,i,c,h,e,r, ,o,r, ,P,o,o,r,e,r, ,(,1,9,9,7,), ,5,.,8
F,r,e,e, ,W,i,l,l,y, ,3,:, ,T,h,e, ,R,e,s,c,u,e, ,(,1,9,9,7,), ,4,.,7
G,a,t,t,a,c,a, ,(,1,9,9,7,), ,7,.,8
S,w,i,t,c,h,b,a,c,k, ,(,1,9,9,7,), ,6,.,4
G,o,n,e, ,F,i,s,h,i,n,', ,(,1,9,9,7,), ,4,.,9
G,o,o,d, ,W,i,l,l, ,H,u,n,t,i,n,g, ,(,1,9,9,7,), ,8,.,3
G,r,i,d,l,o,c,k,',d, ,(,1,9,9,7,), ,6,.,9
G,r,o,s,s,e, ,P,o,i,n,t,e, ,B,l,a,n,k, ,(,1,9,9,7,), ,7,.,3
H,a,r,d, ,E,i,g,h,t, ,(,1,9,9,6,), ,7,.,2
H,o,m,e, ,A,l,o,n,e, ,3, ,(,1,9,9,7,), ,4,.,5
H,o,o,d,l,u,m, ,(,1,9,9,7,), ,6,.,3
H,o,w, ,t,o, ,B,e, ,a, ,P,l,a,y,e,r, ,(,1,9,9,7,), ,5,.,4
H,u,g,o, ,P,o,o,l, ,(,1,9,9,7,), ,5,.,1
H,u,r,r,i,c,a,n,e, ,S,t,r,e,e,t,s, ,(,1,9,9,8,), ,6,.,3
I, ,K,n,o,w, ,W,h,a,t, ,Y,o,u, ,D,i,d, ,L,a,s,t, ,S,u,m,m,e,r, ,(,1,9,9,7,), ,5,.,7
I,l,l, ,G,o,t,t,e,n, ,G,a,i,n,s, ,(,1,9,9,7,), ,5,.,0
I,n, ,&, ,O,u,t, ,(,1,9,9,7,), ,6,.,4
I,n, ,t,h,e, ,C,o,m,p,a,n,y, ,o,f, ,M,e,n, ,(,1,9,9,7,), ,7,.,2
I,n,v,e,n,t,i,n,g, ,t,h,e, ,A,b,b,o,t,t,s, ,(,1,9,9,7,), ,6,.,4
J,a,c,k,i,e, ,B,r,o,w,n, ,(,1,9,9,7,), ,7,.,5
K,i,c,k,e,d, ,i,n, ,t,h,e, ,H,e,a,d, ,(,1,9,9,7,), ,4,.,2
K,i,s,s, ,M,e,",", ,G,u,i,d,o, ,(,1,9,9,7,), ,6,.,1
K,i,s,s, ,t,h,e, ,G,i,r,l,s, ,(,1,9,9,7,), ,6,.,6
K,u,l,l, ,t,h,e, ,C,o,n,q,u,e,r,o,r, ,(,1,9,9,7,), ,4,.,9
K,u,n,d,u,n, ,(,1,9,9,7,), ,7,.,0
L,.,A,., ,C,o,n,f,i,d,e,n,t,i,a,l, ,(,1,9,9,7,), ,8,.,2
D,e,c,e,i,v,e,r, ,(,1,9,9,7,), ,6,.,6
L,i,a,r, ,L,i,a,r, ,(,1,9,9,7,), ,6,.,9
L,i,t,t,l,e, ,C,i,t,y, ,(,1,9,9,8,), ,5,.,8
L,o,v,e, ,J,o,n,e,s, ,(,1,9,9,7,), ,7,.,5
L,o,v,e, ,a,n,d, ,D,e,a,t,h, ,o,n, ,L,o,n,g, ,I,s,l,a,n,d, ,(,1,9,9,7,), ,6,.,9
L,o,v,e,!, ,V,a,l,o,u,r,!, ,C,o,m,p,a,s,s,i,o,n,!, ,(,1,9,9,7,), ,7,.,0
M,a,d, ,C,i,t,y, ,(,1,9,9,7,), ,6,.,3
M,e,e,t, ,W,a,l,l,y, ,S,p,a,r,k,s, ,(,1,9,9,7,), ,5,.,4
M,e,t,r,o, ,(,1,9,9,7,), ,5,.,5
M,i,d,n,i,g,h,t, ,i,n, ,t,h,e, ,G,a,r,d,e,n, ,o,f, ,G,o,o,d, ,a,n,d, ,E,v,i,l, ,(,1,9,9,7,), ,6,.,6
M,i,m,i,c, ,(,1,9,9,7,), ,6,.,0
M,o,r,t,a,l, ,K,o,m,b,a,t,:, ,A,n,n,i,h,i,l,a,t,i,o,n, ,(,1,9,9,7,), ,3,.,7
M,r,., ,M,a,g,o,o, ,(,1,9,9,7,), ,4,.,0
M,u,r,d,e,r, ,a,t, ,1,6,0,0, ,(,1,9,9,7,), ,6,.,1
M,y, ,B,e,s,t, ,F,r,i,e,n,d,',s, ,W,e,d,d,i,n,g, ,(,1,9,9,7,), ,6,.,3
N,i,a,g,a,r,a,",", ,N,i,a,g,a,r,a, ,(,1,9,9,7,), ,7,.,1
N,i,g,h,t, ,F,a,l,l,s, ,o,n, ,M,a,n,h,a,t,t,a,n, ,(,1,9,9,7,), ,6,.,6
N,i,g,h,t,w,a,t,c,h, ,(,1,9,9,7,), ,6,.,2
N,i,l, ,B,y, ,M,o,u,t,h, ,(,1,9,9,7,), ,7,.,3
N,o,t,h,i,n,g, ,t,o, ,L,o,s,e, ,(,1,9,9,4,), ,6,.,7
N,o,w,h,e,r,e, ,(,1,9,9,7,), ,6,.,5
F,o,u,r, ,D,a,y,s, ,i,n, ,S,e,p,t,e,m,b,e,r, ,(,1,9,9,7,), ,7,.,4
O,f,f,i,c,e, ,K,i,l,l,e,r, ,(,1,9,9,7,), ,5,.,1
A,s, ,G,o,o,d, ,A,s, ,I,t, ,G,e,t,s, ,(,1,9,9,7,), ,7,.,7
O,t,h,e,r, ,V,o,i,c,e,s,",", ,O,t,h,e,r, ,R,o,o,m,s, ,(,1,9,9,7,), ,6,.,3
O,u,t, ,t,o, ,S,e,a, ,(,1,9,9,7,), ,6,.,1
P,l,a,y,i,n,g, ,G,o,d, ,(,1,9,9,7,), ,5,.,6
P,r,e,f,o,n,t,a,i,n,e, ,(,1,9,9,7,), ,6,.,8
P,r,i,m,a,r,y, ,C,o,l,o,r,s, ,(,1,9,9,8,), ,6,.,6
R,e,d, ,C,o,r,n,e,r, ,(,1,9,9,7,), ,6,.,3
R,h,y,m,e, ,&, ,R,e,a,s,o,n, ,(,1,9,9,7,), ,7,.,5
R,o,c,k,e,t, ,M,a,n, ,(,1,9,9,7,), ,5,.,9
R,o,m,y, ,a,n,d, ,M,i,c,h,e,l,e,',s, ,H,i,g,h, ,S,c,h,o,o,l, ,R,e,u,n,i,o,n, ,(,1,9,9,7,), ,6,.,2
R,o,s,e,w,o,o,d, ,(,1,9,9,7,), ,7,.,2
S,c,r,e,a,m, ,2, ,(,1,9,9,7,), ,6,.,2
S,e,l,e,n,a, ,(,1,9,9,7,), ,6,.,8
S,e,v,e,n, ,Y,e,a,r,s, ,i,n, ,T,i,b,e,t, ,(,1,9,9,7,), ,7,.,1
S,h,a,d,o,w, ,C,o,n,s,p,i,r,a,c,y, ,(,1,9,9,7,), ,4,.,9
S,h,i,l,o,h, ,(,1,9,9,7,), ,6,.,4
S,l,i,d,i,n,g, ,D,o,o,r,s, ,(,1,9,9,8,), ,6,.,7
S,m,i,l,l,a,',s, ,S,e,n,s,e, ,o,f, ,S,n,o,w, ,(,1,9,9,7,), ,6,.,4
S,o,u,l, ,F,o,o,d, ,(,1,9,9,7,), ,7,.,1
S,p,a,w,n, ,(,1,9,9,7,), ,5,.,3
S,p,e,e,d, ,2,:, ,C,r,u,i,s,e, ,C,o,n,t,r,o,l, ,(,1,9,9,7,), ,3,.,9
S,p,h,e,r,e, ,(,1,9,9,8,), ,6,.,1
S,p,i,c,e, ,W,o,r,l,d, ,(,1,9,9,7,), ,3,.,5
S,p,r,u,n,g, ,(,1,9,9,7,), ,5,.,0
S,t,a,g, ,(,1,9,9,7,), ,5,.,7
S,t,a,r, ,M,a,p,s, ,(,1,9,9,7,), ,5,.,6
S,t,a,r,s,h,i,p, ,T,r,o,o,p,e,r,s, ,(,1,9,9,7,), ,7,.,2
S,w,e,p,t, ,f,r,o,m, ,t,h,e, ,S,e,a, ,(,1,9,9,7,), ,6,.,8
T,e,l,l,i,n,g, ,L,i,e,s, ,i,n, ,A,m,e,r,i,c,a, ,(,1,9,9,7,), ,6,.,2
T,h,a,t, ,O,l,d, ,F,e,e,l,i,n,g, ,(,1,9,9,7,), ,6,.,2
T,o,m,o,r,r,o,w, ,N,e,v,e,r, ,D,i,e,s, ,(,1,9,9,7,), ,6,.,5
T,o,u,c,h, ,(,1,9,9,7,), ,5,.,6
T,r,a,v,e,l,l,e,r, ,(,1,9,9,7,), ,6,.,1
T,r,u,t,h, ,o,r, ,C,o,n,s,e,q,u,e,n,c,e,s,",", ,N,.,M,., ,(,1,9,9,7,), ,6,.,3
T,u,r,b,o,:, ,A, ,P,o,w,e,r, ,R,a,n,g,e,r,s, ,M,o,v,i,e, ,(,1,9,9,7,), ,3,.,7
T,u,r,b,u,l,e,n,c,e, ,(,1,9,9,7,), ,4,.,9
U, ,T,u,r,n, ,(,1,9,9,7,), ,6,.,8
U,l,e,e,',s, ,G,o,l,d, ,(,1,9,9,7,), ,7,.,0
V,e,g,a,s, ,V,a,c,a,t,i,o,n, ,(,1,9,9,7,), ,6,.,0
S,t,a,r, ,K,i,d, ,(,1,9,9,7,), ,5,.,3
W,a,r,r,i,o,r,s, ,o,f, ,V,i,r,t,u,e, ,(,1,9,9,7,), ,4,.,8
W,e,l,c,o,m,e, ,T,o, ,S,a,r,a,j,e,v,o, ,(,1,9,9,7,), ,6,.,8
W,i,l,d, ,A,m,e,r,i,c,a, ,(,1,9,9,7,), ,6,.,4
W,i,s,h,m,a,s,t,e,r, ,(,1,9,9,7,), ,5,.,8
Y,e,a,r, ,o,f, ,t,h,e, ,H,o,r,s,e, ,(,1,9,9,7,), ,6,.,7
Z,e,u,s, ,a,n,d, ,R,o,x,a,n,n,e, ,(,1,9,9,7,), ,5,.,3
B,., ,M,o,n,k,e,y, ,(,1,9,9,8,), ,5,.,9
E,v,e,r,e,s,t, ,(,1,9,9,8,), ,7,.,0
H,a,l,f, ,B,a,k,e,d, ,(,1,9,9,8,), ,6,.,7
L,o,s,t, ,i,n, ,S,p,a,c,e, ,(,1,9,9,8,), ,5,.,2
M,e,r,c,u,r,y, ,R,i,s,i,n,g, ,(,1,9,9,8,), ,6,.,2
S,e,n,s,e,l,e,s,s, ,(,1,9,9,8,), ,6,.,1
V,e,r,m,i,n, ,(,1,9,9,8,), ,6,.,0
W,a,g, ,t,h,e, ,D,o,g, ,(,1,9,9,7,), ,7,.,2
T,i,m,e, ,T,r,a,c,e,r,s, ,(,1,9,9,5,), ,4,.,6
L,e,g,a,l, ,D,e,c,e,i,t, ,(,1,9,9,7,), ,3,.,5
W,i,l,d, ,T,h,i,n,g,s, ,(,1,9,9,8,), ,6,.,0
G,e,o,r,g,i,a, ,(,1,9,9,5,), ,6,.,5
S,t,a,r, ,W,a,r,s, ,(,1,9,7,7,), ,8,.,1
V,i,c,t,o,r,/,V,i,c,t,o,r,i,a, ,(,1,9,8,2,), ,7,.,9
A,l,i,e,n, ,(,1,9,7,9,), ,7,.,7
G,r,a,t,e,f,u,l, ,D,e,a,d, ,(,1,9,9,5,), ,6,.,6
B,r,a,i,n,d,e,a,d, ,(,1,9,9,2,), ,6,.,5
u,n,k,n,o,w,n, ,6,.,5
